day,month,year,Temperature,RH,Ws,Rain,FFMC,DMC,DC,ISI,BUI,FWI,Classes,Temp_Humidity,Temp_Humidity_Ratio,Heat_Index,Fire_Risk,Fire_Risk_Label,Fire_Risk_Encoded
1,6,2012,-0.8706546931179822,-0.3406732250339124,0.8932768965850293,-0.3816569059723695,-0.8479270196499679,-0.9121201723424198,-0.8794014391831437,-0.8303557302688325,-0.936011545504452,-0.8801586304586865,,-0.8059642048307675,-0.2570937502666754,-1.037999620610489,Low,0,0
2,6,2012,-0.8706546931179822,-0.0703594497416978,-0.8888765177841181,0.268641996922299,-0.9387086049232766,-0.8555202740075863,-0.8794014391831437,-0.9027202643233428,-0.9007980816764884,-0.8936262047425136,,-0.5012957276586605,-0.4030953626973667,-0.985321002932848,Low,0,0
3,6,2012,-1.6992542639835284,1.348787870542429,2.318999628080347,6.171355115504675,-2.146802008945003,-0.9848914702014916,-0.8899128337724415,-1.071570843783867,-0.9853103948636008,-0.9340289275939956,,0.4521064896988811,-1.0960197520551371,-1.6334361236157275,Low,0,0
4,6,2012,-1.9754541209387104,1.8218369773038048,-0.8888765177841181,0.8689179072866086,-3.438693799372861,-1.0819198673469204,-0.8941173916081605,-1.143935377838377,-1.055737322519528,-0.9474965018778227,,0.6963665619144497,-1.254328320410283,-1.8494744971766872,Low,0,0
5,6,2012,-1.4230544070283464,1.0108956514271608,0.1804155308373703,-0.3816569059723695,-0.9107758094545668,-0.9444629713908962,-0.7406510306044145,-0.8544772416203358,-0.9007980816764884,-0.8801586304586865,,0.3129045130599012,-0.9490812402622948,-1.3910584412159477,Low,0,0
6,6,2012,-0.3182549792076179,0.3351112131966241,-0.5324458349102886,-0.3816569059723695,0.3322335889030474,-0.7180633780515623,-0.5724687171756515,-0.3961685259417705,-0.6824746059431148,-0.6108071447821412,,0.3076516082810718,-0.4587758541081447,-0.2898511674227293,Low,0,0
7,6,2012,0.2341447347027462,-0.5434085565030734,-0.8888765177841181,-0.3816569059723695,0.7232927254649941,-0.3865496878046802,-0.39797956699331,0.3998413486578428,-0.4078095880849995,0.0221688465577402,,-0.4671518465962692,0.1907703913131022,0.1553952341185994,Moderate,1,1
8,6,2012,-0.5944548361628,0.7405818761349461,-0.1760151520364591,-0.3816569059723695,0.6115615435901518,-0.2086642930380607,-0.2340018114002663,0.2068692578458152,-0.2246995761795893,0.0087012722739129,,0.6044407282849347,-0.6851502018274651,-0.5190591954030993,Moderate,1,1
9,6,2012,-1.9754541209387104,1.754258533480751,-0.8888765177841181,-0.2816109209116513,-1.741776474648702,-0.5482636830470616,-0.2234904168109686,-1.0474493324323633,-0.4359803591473703,-0.907093779026341,,0.6307052521790818,-1.2403591156440965,-1.8626441515960972,Low,0,0
10,6,2012,-1.1468545500731642,1.146052539073268,-1.2453072006579475,-0.3816569059723695,-0.3241871046116472,-0.4188924868531565,-0.0658194979715034,-0.8303557302688325,-0.2880838110699237,-0.8262883333233774,,0.6622226808520584,-0.9325344267179136,-1.0564931778802982,Low,0,0
11,6,2012,-0.3182549792076179,0.1999543255505168,-0.5324458349102886,-0.3816569059723695,0.4649143673794224,-0.1763214939895843,0.1023628154572594,-0.1790749237782396,-0.0627176425709572,-0.193312341983496,,0.1448115601373594,-0.396473008393481,-0.3161904762615496,Moderate,1,1
12,6,2012,-1.6992542639835284,1.2812094267193754,1.2497075794588588,-0.3816569059723695,0.4299983730435343,-0.0712073970820364,0.2516246186252865,0.0138971670337877,0.0710935199753039,0.0087012722739129,,0.3838187275740986,-1.0788889052924264,-1.6466057780351375,Moderate,1,1
13,6,2012,-1.4230544070283464,1.4839447581885363,1.9625689452065176,0.2186190043919399,-1.9442892417968527,-0.6452920801924905,-0.6817872209043474,-1.0233278210808598,-0.7036026842398929,-0.9205613533101682,,0.8093040146592824,-1.0769593318933297,-1.2988708602800774,Low,0,0
14,6,2012,-0.5944548361628,1.0784740952502143,1.6061382623326883,-0.1315419433205739,-1.315801343750868,-0.815091775196991,-0.8751968813474248,-0.9027202643233428,-0.8655846178485249,-0.8936262047425136,,0.998408586697142,-0.8004366209304937,-0.4532109233060495,Low,0,0
15,6,2012,-1.1468545500731642,1.2136309828963217,0.5368462137111998,1.1690558624687633,-1.9861884349999184,-0.9444629713908962,-0.8836059970188629,-1.0474493324323633,-0.9641823165668229,-0.9340289275939956,,0.7357633477556704,-0.9519229756318736,-1.043323523460889,Low,0,0
16,6,2012,-0.8706546931179822,1.8218369773038048,-0.8888765177841181,-0.0314959582598557,-2.9149538843345404,-1.0495770682984442,-0.8794014391831437,-1.143935377838377,-1.0205238586915644,-0.9474965018778227,,1.6313836125460883,-1.0576419173023743,-0.6165706791893687,Low,0,0
17,6,2012,-0.5944548361628,1.8218369773038048,0.1804155308373703,-0.0815189507902148,-2.831155497928409,-1.0980912668711584,-0.8751968813474248,-1.143935377838377,-1.0627800152851206,-0.9474965018778227,,1.865137875203998,-1.0084703165253974,-0.3083447246925397,Low,0,0
18,6,2012,-0.3182549792076179,1.0784740952502143,-0.5324458349102886,-0.2315879283812922,-1.4624485199615975,-1.033405668774206,-0.8709923235117056,-0.9750847983778528,-1.0064384731603788,-0.9205613533101682,,1.2032718730714898,-0.7443305636336865,-0.1449849688092196,Low,0,0
19,6,2012,-0.3182549792076179,-0.4758301126800198,0.1804155308373703,-0.3316339134420104,0.1436872194892527,-0.8231774749591101,-0.7028100100829427,-0.5408975940507912,-0.8022003829581906,-0.758950461904241,,-0.6693886805812023,-0.01699203904053,-0.4478870204556491,Low,0,0
20,6,2012,-0.5944548361628,1.2136309828963217,0.1804155308373703,-0.181564935850933,-1.2599357528134472,-0.9121201723424198,-0.4694570502005342,-0.9268417756748462,-0.8162857684893761,-0.8936262047425136,,1.1559957300620247,-0.8425161639030992,-0.4268716144672291,Low,0,0
21,6,2012,-0.5944548361628,1.0784740952502143,-0.5324458349102886,-0.3816569059723695,0.220502407028206,-0.6776348792409669,-0.3748544988968551,-0.5167760826992878,-0.583876907224817,-0.651209867633623,,0.998408586697142,-0.8004366209304937,-0.4532109233060495,Low,0,0
22,6,2012,-0.3182549792076179,0.3351112131966241,0.5368462137111998,-0.3316339134420104,0.0878216285518311,-0.6210349809061333,-0.2087744643859518,-0.5650191054022946,-0.4923219012721119,-0.6377422933497957,,0.3076516082810718,-0.4587758541081447,-0.2898511674227293,Low,0,0
23,6,2012,-0.0420551222524358,-0.0027810059186441,0.8932768965850293,-0.3316339134420104,0.2484352024969169,-0.5240065837607045,-0.0363875931214698,-0.3479255032387637,-0.3655534314914433,-0.4357286790923868,,0.0633915360655033,-0.2248970654342124,-0.0474734850229491,Low,0,0
24,6,2012,-0.0420551222524358,0.2675327693735705,0.5368462137111998,-0.3816569059723695,0.5626791515199093,-0.2814355908971324,0.1338969992251524,0.2068692578458152,-0.1261018774612915,0.062571569409222,,0.3995774419105868,-0.3617892638827275,0.0052051326546904,Moderate,1,1
25,6,2012,-0.3182549792076179,0.1323758817274631,-0.1760151520364591,-0.3816569059723695,0.6185447424573299,-0.0388645980335602,0.3020793126539153,0.2309907691973187,0.1133496765688602,0.1837797379636674,,0.0633915360655033,-0.3638613625897118,-0.3293601306809597,Moderate,1,1
26,6,2012,-0.3182549792076179,0.1323758817274631,0.8932768965850293,-0.3816569059723695,0.6255279413245072,0.2522205934027264,0.4702616260826782,0.4722058827123531,0.3457585378334193,0.4800663722078671,,0.0633915360655033,-0.3638613625897118,-0.3293601306809597,Moderate,1,1
27,6,2012,0.5103445916579282,-0.6109870003261271,0.8932768965850293,-0.3816569059723695,0.7791583164024147,0.5594771843632512,0.6489553341007388,1.0752436664999387,0.6415516339883126,1.0726396406962668,,-0.4146227988079748,0.3238017347149658,0.4504515341960192,Severe,2,2
28,6,2012,-0.0420551222524358,-0.4758301126800198,-0.5324458349102886,-0.3816569059723695,0.786141515269592,0.8748194750858949,0.8213422053652207,0.6892994848758839,0.9162166518464278,0.924496323574167,,-0.5249337991633929,0.0625765513076694,-0.1396610659588192,Moderate,1,1
29,6,2012,-0.0420551222524358,-1.016457663264449,-0.8888765177841181,-0.2315879283812922,0.1436872194892527,0.3007347919754407,0.7351487697329799,-0.6132621281053015,0.5006977786764587,-0.4222611048085595,,-1.19730561085356,0.4959714263957346,-0.2450183013140995,Low,0,0
30,6,2012,0.2341447347027462,-0.8137223317952881,-0.5324458349102886,-0.3816569059723695,0.7582087198008821,0.6645912812707989,0.9117401988331808,0.5928134394698703,0.8176189531281302,0.7898205807358943,,-0.8138435619990115,0.4047214898049274,0.1027166164409598,Moderate,1,1
1,7,2012,-0.8706546931179822,0.4026896570196778,1.2497075794588588,0.1185730193312216,-1.2529525539462696,-0.9848914702014916,-0.8583786500045484,-0.8785987529718392,-0.9712250093324154,-0.8936262047425136,,0.0318741073925267,-0.6172668456379758,-0.893133421996978,Low,0,0
2,7,2012,-1.4230544070283464,0.8757387637810534,1.2497075794588588,0.2186190043919399,-1.5462469063677289,-0.9929771699636104,-0.864685486758127,-0.9509632870263496,-0.978267702098008,-0.907093779026341,,0.1710760840315066,-0.908160250940364,-1.4173977500547676,Low,0,0
3,7,2012,-0.0420551222524358,0.9433172076041072,1.6061382623326883,-0.0314959582598557,-1.0294901901965858,-0.9768057704393724,-0.8457649764973912,-0.8303557302688325,-0.9641823165668229,-0.8801586304586865,,1.2400422065232957,-0.6409773001921995,0.13690167684879,Low,0,0
4,7,2012,0.2341447347027462,1.0784740952502143,0.5368462137111998,-0.3816569059723695,0.1576536172236071,-0.815091775196991,-0.6502530371364543,-0.4926545713477843,-0.7740296118958199,-0.7185477390527593,,1.6129984458201854,-0.6321184490400719,0.4714669401844392,Low,0,0
5,7,2012,0.2341447347027462,0.2675327693735705,-0.5324458349102886,-0.3816569059723695,0.5626791515199093,-0.5725207823334189,-0.452638818857658,0.0138971670337877,-0.5345780578656681,-0.2875853619702868,,0.5729232996119581,-0.2954821052592279,0.3134310871515193,Low,0,0
6,7,2012,-0.0420551222524358,0.0647974379044095,-0.5324458349102886,-0.3816569059723695,0.6394943390588625,-0.3056926901834895,-0.2613314373324402,0.2068692578458152,-0.2951265038355163,-0.0317014505775688,,0.1474380125267742,-0.2607497840754902,-0.03430383060354,Moderate,1,1
7,7,2012,0.7865444486131103,0.1323758817274631,0.8932768965850293,-0.2816109209116513,0.1506704183564299,-0.4027210873289184,-0.189853954125216,-0.4685330599962809,-0.3232972748978872,-0.5165341247953503,,0.7357633477556704,-0.0903443332677762,0.9035436873063578,Low,0,0
8,7,2012,0.2341447347027462,0.4026896570196778,1.2497075794588588,-0.3816569059723695,0.5417295549183757,-0.1763214939895843,0.0077602641535803,0.303355303251829,-0.090888413633328,0.1299094408283583,,0.7462691573133292,-0.3598390533349775,0.3397703959903396,Moderate,1,1
9,7,2012,-0.0420551222524358,0.4026896570196778,-0.5324458349102886,0.3186649894526581,-0.78507822984537,-0.5644350825712998,-0.8457649764973912,-0.8785987529718392,-0.654303834880744,-0.8666910561748592,,0.5676703948331286,-0.4241960014107271,0.0315444414935107,Low,0,0
10,7,2012,0.2341447347027462,0.4702681008427314,-0.8888765177841181,-0.0314959582598557,-0.78507822984537,-0.701891978527324,-0.8436626975795316,-0.8785987529718392,-0.7669869191302271,-0.8801586304586865,,0.8329420861640149,-0.390618463284249,0.3529400504097488,Low,0,0
11,7,2012,0.2341447347027462,0.9433172076041072,-0.5324458349102886,-0.3816569059723695,0.2274856058953832,-0.5320922835228236,-0.6460484793007353,-0.5167760826992878,-0.6050049855215951,-0.651209867633623,,1.439652588118814,-0.5833947677033706,0.4451276313456189,Low,0,0
12,7,2012,-0.3182549792076179,0.8757387637810534,-0.8888765177841181,-0.3316339134420104,-0.1915063261352732,-0.5482636830470616,-0.4568433766933771,-0.7821127075658255,-0.5275353651000755,-0.8262883333233774,,0.9590118008559212,-0.6747590525856454,-0.18449393206745,Low,0,0
13,7,2012,0.5103445916579282,1.2812094267193754,-0.1760151520364591,-0.3816569059723695,0.2763679979656267,-0.4027210873289184,-0.2571268794967211,-0.420290037293274,-0.351468045960258,-0.4895989762276958,,2.085759875914834,-0.6466644638947997,0.8192018579394986,Low,0,0
14,7,2012,0.5103445916579282,-0.0703594497416978,-0.8888765177841181,-0.0815189507902148,-0.2753047125414037,-0.5563493828091808,-0.5577527647506348,-0.8062342189173289,-0.583876907224817,-0.8397559076072046,,0.2997722511128277,-0.044384504570238,0.5558087695512994,Low,0,0
15,7,2012,-0.5944548361628,1.2136309828963217,1.2497075794588588,-0.181564935850933,-1.1970869630088483,-0.7665775766242765,-0.6817872209043474,-0.8785987529718392,-0.7599442263646344,-0.8801586304586865,,1.1559957300620247,-0.8425161639030992,-0.4268716144672291,Low,0,0
16,7,2012,-1.1468545500731642,0.9433172076041072,1.9625689452065176,-0.3816569059723695,-0.3660862978147134,-0.6210349809061333,-0.5030935128862869,-0.9750847983778528,-0.5909195999904097,-0.8936262047425136,,0.4416006801412223,-0.8713074301475137,-1.0960021411385286,Low,0,0
17,7,2012,-0.8706546931179822,0.5378465446657851,-0.5324458349102886,-0.3816569059723695,0.3461999866374028,-0.4269781866152755,-0.3222975259503667,-0.372047014590267,-0.3937242025538142,-0.4626638276600412,,0.1842083459785801,-0.6705911740435967,-0.8667941131581587,Low,0,0
18,7,2012,-0.3182549792076179,0.4026896570196778,-0.5324458349102886,-0.3816569059723695,0.5277631571840212,-0.2086642930380607,-0.1330924233430085,-0.0343458556692191,-0.1754007268204405,-0.1394420448481869,,0.3890716323529279,-0.4885529494864767,-0.2766815130033191,Moderate,1,1
19,7,2012,0.7865444486131103,-0.2055163373878051,0.5368462137111998,-0.3816569059723695,0.7163095265978159,-0.2167499928001797,0.0708286316893663,0.7134209962273874,0.1063069838032674,0.520469095059349,,0.2761341796080952,0.1124754977972183,0.8376954152093081,Moderate,1,1
20,7,2012,0.2341447347027462,0.1999543255505168,-0.1760151520364591,-0.3316339134420104,0.2484352024969169,-0.1924928935138224,0.2663405710503033,-0.4685330599962809,-0.0134187932118083,-0.4087935305247322,,0.4862503707612724,-0.2618184708811437,0.3002614327321092,Low,0,0
21,7,2012,0.2341447347027462,0.5378465446657851,0.5368462137111998,-0.3816569059723695,0.5277631571840212,0.3088204917375599,0.4639547893290996,0.1103832124398015,0.4021000799581607,0.2376500350989765,,0.9196150150147004,-0.4205184615206843,0.366109704829159,Moderate,1,1
22,7,2012,-1.1468545500731642,1.146052539073268,0.8932768965850293,-0.3316339134420104,-0.3102207068772918,0.1390207967330592,0.6405462184293008,-0.7097481735113153,0.3528012305990119,-0.5704044219306594,,0.6622226808520584,-0.9325344267179136,-1.0564931778802982,Low,0,0
23,7,2012,-1.4230544070283464,0.2675327693735705,2.318999628080347,-0.181564935850933,-0.6733470479705277,-0.3380354892319658,0.4597502314933805,-0.7097481735113153,-0.090888413633328,-0.6646774419174503,,-0.4671518465962692,-0.6933250570002252,-1.535924639829457,Low,0,0
24,7,2012,-1.1468545500731642,1.0784740952502143,0.1804155308373703,-0.3316339134420104,-0.5476494683613309,-0.4108067870910374,0.6363416605935817,-0.8062342189173289,-0.140187262992477,-0.7724180361880684,,0.5886820139484463,-0.9126487355241084,-1.0696628322997084,Low,0,0
25,7,2012,-0.3182549792076179,0.1999543255505168,0.8932768965850293,-0.3816569059723695,0.4509479696450669,-0.1763214939895843,0.8255467632009399,0.0138971670337877,0.1274350621000455,0.0356364208415674,,0.1448115601373594,-0.396473008393481,-0.3161904762615496,Moderate,1,1
26,7,2012,1.0627443055682924,-0.6109870003261271,1.2497075794588588,-0.3816569059723695,0.7931247141367702,0.195620695067893,1.0336723760690338,1.2682157573119663,0.5077404714420513,1.1130423635477489,,-0.136218845530015,0.4889440920414175,1.066903443189678,Severe,2,2
27,7,2012,1.0627443055682924,-0.9488792194413954,-0.8888765177841181,-0.3816569059723695,0.8699399016757234,0.6079913829359654,1.241797988937128,0.9546361097424216,0.8950885735496497,1.1130423635477489,,-0.6089802756246638,0.7985860120285146,1.0010551710926283,Severe,2,2
28,7,2012,0.2341447347027462,0.9433172076041072,-0.1760151520364591,-0.3816569059723695,0.6045783447229746,0.785876777702585,1.4373099282980648,0.2068692578458152,1.0852412782206526,0.5743393921946581,,1.439652588118814,-0.5833947677033706,0.4451276313456189,Moderate,1,1
29,7,2012,-0.0420551222524358,0.7405818761349461,-0.1760151520364591,-0.3816569059723695,0.6115615435901518,0.9718478722313236,1.630719588741142,0.2068692578458152,1.289479368422841,0.6551448378976217,,0.987902777139483,-0.5652523259603153,0.0973927135905605,Moderate,1,1
30,7,2012,-0.3182549792076179,1.146052539073268,-0.1760151520364591,-0.3816569059723695,0.5277631571840212,1.117390467949467,1.8199246913485,-0.0102243443177155,1.4585039947970655,0.4935339464916943,,1.284691897143346,-0.7663468645982565,-0.1318153143898094,Moderate,1,1
31,7,2012,0.7865444486131103,0.1323758817274631,0.5368462137111998,-0.3816569059723695,0.653460736793218,1.3923042598615152,2.023845746380875,0.4963273940638564,1.7261263198895884,1.1669126606830575,,0.7357633477556704,-0.0903443332677762,0.9035436873063578,Severe,2,2
1,8,2012,1.0627443055682924,-1.1516145509105564,-0.5324458349102886,-0.3816569059723695,0.0668720319502984,-0.798920375672753,-0.8247421873187959,-0.6615051508083083,-0.8444565395517469,-0.8262883333233774,,-0.892637133681453,1.0173996354860633,0.9615462078343978,Low,0,0
2,8,2012,0.7865444486131103,-0.4758301126800198,-1.2453072006579475,-0.181564935850933,0.0110064410128777,-0.7180633780515623,-0.8289467451545149,-0.7338696848628186,-0.7881149974270053,-0.8397559076072046,,-0.0915691549099649,0.3012823223522679,0.7850167975316684,Low,0,0
3,8,2012,0.7865444486131103,0.0647974379044095,-0.5324458349102886,-0.2315879283812922,-0.0867583431276091,-0.7261490778136811,-0.8289467451545149,-0.7338696848628186,-0.7881149974270053,-0.8397559076072046,,0.6438375141261553,-0.0523558569730628,0.8903740328869477,Low,0,0
4,8,2012,0.5103445916579282,0.4702681008427314,-0.8888765177841181,-0.3816569059723695,0.4998303617153104,-0.5240065837607045,-0.6229234112042804,-0.1790749237782396,-0.5979622927560024,-0.4222611048085595,,1.0141673010336305,-0.3271942246009016,0.6611660049065787,Low,0,0
5,8,2012,0.5103445916579282,0.1999543255505168,-0.8888765177841181,-0.3816569059723695,0.6255279413245072,-0.2895212906592514,-0.4147977983361863,0.1103832124398015,-0.3655534314914433,-0.1259744705643597,,0.6569697760732289,-0.1944912021249746,0.6084873872289391,Moderate,1,1
6,8,2012,-0.0420551222524358,0.8757387637810534,-0.5324458349102886,-0.3816569059723695,0.5975951458557973,-0.135892995178989,-0.2171835800573899,0.1103832124398015,-0.1754007268204405,-0.0317014505775688,,1.1559957300620247,-0.6164087529969656,0.1237320224293798,Moderate,1,1
7,8,2012,-0.0420551222524358,0.4702681008427314,0.1804155308373703,-0.3816569059723695,0.6045783447229746,0.0662494988739877,-0.017467082860734,0.1827477464943118,0.0358800561473404,0.1299094408283583,,0.6517168712943995,-0.4540427019675964,0.0447140959129199,Moderate,1,1
8,8,2012,-0.0420551222524358,-0.1379378935647514,0.8932768965850293,-0.2315879283812922,-0.051842348791721,-0.2733498911350132,-0.0511035455464866,-0.6132621281053015,-0.1824434195860332,-0.597339570498314,,-0.1047014168570384,-0.149606356287529,-0.0738127938617694,Low,0,0
9,8,2012,0.7865444486131103,-0.2055163373878051,0.5368462137111998,-0.3816569059723695,0.6674271345275734,0.0096496005391543,0.1591243462394669,0.52044890541536,0.0851789055064892,0.3857933522210764,,0.2761341796080952,0.1124754977972183,0.8376954152093081,Moderate,1,1
10,8,2012,0.7865444486131103,-0.4758301126800198,-0.5324458349102886,-0.3816569059723695,0.7721751175352376,0.3169061914996791,0.3693522380254205,0.6410564621728772,0.3668866161301972,0.6147421150461398,,-0.0915691549099649,0.3012823223522679,0.7850167975316684,Moderate,1,1
11,8,2012,0.7865444486131103,0.0647974379044095,-0.8888765177841181,-0.3816569059723695,0.7721751175352376,0.5675628841253701,0.5795801298113742,0.5686919281183667,0.6204235556915345,0.6820799864652761,,0.6438375141261553,-0.0523558569730628,0.8903740328869477,Moderate,1,1
12,8,2012,0.7865444486131103,-0.7461438879722344,-0.8888765177841181,-0.2315879283812922,0.2414520036297386,0.0743351986361068,0.5396368303720428,-0.5408975940507912,0.2823743029430849,-0.3818583819570776,,-0.459272489428025,0.5197059037002665,0.7323381798540278,Low,0,0
13,8,2012,0.7865444486131103,0.0647974379044095,-0.1760151520364591,-0.3816569059723695,0.6394943390588625,0.3492489905481553,0.7498647221579964,0.2792337919003256,0.5429539352700147,0.426196075072558,,0.6438375141261553,-0.0523558569730628,0.8903740328869477,Moderate,1,1
14,8,2012,0.2341447347027462,0.2675327693735705,-0.5324458349102886,-0.3816569059723695,0.6394943390588625,0.5675628841253701,0.951683498272512,0.2309907691973187,0.7401493327066103,0.4800663722078671,,0.5729232996119581,-0.2954821052592279,0.3134310871515193,Moderate,1,1
15,8,2012,1.0627443055682924,-0.4758301126800198,-0.8888765177841181,-0.2315879283812922,0.318267191168693,0.0743351986361068,0.9054333620796022,-0.2514394578327499,0.37392930889579,-0.0990393219967051,,0.0528857265078444,0.3808509127004674,1.0932427520284984,Moderate,1,1
16,8,2012,1.0627443055682924,-0.0703594497416978,0.8932768965850293,-0.2315879283812922,0.1646368160907854,-0.241007092086537,0.861285504804552,-0.4685330599962809,0.0640508272097113,-0.3818583819570776,,0.6201994426214229,0.0990998386806135,1.1722606785449583,Low,0,0
17,8,2012,1.3389441625234746,-0.6785654441491807,0.8932768965850293,-0.3816569059723695,0.8001079130039475,0.1066779976845831,1.0778202333440845,1.195851223257456,0.4373135437861242,1.0187693435609575,,-0.0941956072993796,0.6302678401380928,1.3619597432670978,Moderate,1,1
18,8,2012,1.0627443055682924,-0.5434085565030734,0.8932768965850293,-0.3816569059723695,0.8070911118711256,0.430105988169346,1.292252682965757,1.195851223257456,0.7612774110033885,1.2207829578183669,,-0.0416665595110853,0.4338966395992669,1.0800730976090882,Severe,2,2
19,8,2012,0.7865444486131103,-0.0027810059186441,1.2497075794588588,-0.3816569059723695,0.8070911118711256,0.6888483805571562,1.5024805747517105,1.195851223257456,1.0288997360959111,1.3689262749404665,,0.5519116804966403,-0.0131419459591651,0.8772043784675385,Severe,2,2
20,8,2012,0.7865444486131103,0.4026896570196778,1.2497075794588588,-0.3816569059723695,0.7302759243321714,0.9071622741343712,1.7064016297840852,0.9787576210939252,1.268351290126063,1.3150559778051576,,1.1034666822737305,-0.2311251571834786,0.9562223049839984,Severe,2,2
21,8,2012,1.0627443055682924,-0.2730947812108588,1.2497075794588588,-0.3816569059723695,0.751225520933704,1.206333165332777,1.9271409161593365,1.0752436664999387,1.5571016935153632,1.5305371663463936,,0.3365425845646336,0.2326887099831306,1.1327517152867288,Severe,2,2
22,8,2012,1.0627443055682924,-0.4758301126800198,0.8932768965850293,-0.3816569059723695,0.786141515269592,1.5216754560554204,2.141573365781009,1.244094245960463,1.8599374824358497,1.799888652022939,,0.0528857265078444,0.3808509127004674,1.0932427520284984,Severe,2,2
23,8,2012,1.0627443055682924,-0.6109870003261271,0.1804155308373703,-0.3816569059723695,0.8140743107383028,1.8531891463023025,2.356005815402682,1.3647018027179805,2.1698159641219283,2.0557725634156574,,-0.136218845530015,0.4889440920414175,1.066903443189678,Severe,2,2
24,8,2012,0.5103445916579282,0.1323758817274631,-0.5324458349102886,-0.3816569059723695,0.7721751175352376,2.0876744394037554,2.5620291493529166,1.027000643796932,2.40926751815208,1.8672265234420755,,0.5676703948331286,-0.1587235905982601,0.5953177328095289,Severe,2,2
25,8,2012,0.7865444486131103,-0.1379378935647514,-0.1760151520364591,-0.3816569059723695,0.7721751175352376,2.362588231315804,2.7722570411388703,0.8340285529849044,2.6768898432446027,1.786421077739112,,0.3680600132376103,0.0692072671700197,0.8508650696287182,Severe,2,2
26,8,2012,-0.3182549792076179,1.0784740952502143,0.8932768965850293,-0.3816569059723695,0.5556959526527311,2.5000451272718283,2.967768980499806,-0.0102243443177155,2.845914469618828,0.8975611750065123,,1.2032718730714898,-0.7443305636336865,-0.1449849688092196,Moderate,1,1
27,8,2012,0.2341447347027462,1.348787870542429,1.9625689452065176,-0.3816569059723695,0.4928471628481332,2.613244923941495,3.169587756614322,-0.0825888783722258,3.0008537104618664,0.830223303587376,,1.959690161222928,-0.7224355168837128,0.5241455578620788,Moderate,1,1
28,8,2012,0.5103445916579282,0.1323758817274631,0.1804155308373703,-0.3816569059723695,0.8070911118711256,2.8719873163293057,3.384020206235995,0.6169349508213736,3.254390650023204,1.7325507806038023,,0.5676703948331286,-0.1587235905982601,0.5953177328095289,Severe,2,2
29,8,2012,0.7865444486131103,-0.9488792194413954,0.8932768965850293,-0.3816569059723695,0.8559735039413681,3.1954153068140685,3.5942480980219487,1.871253541099552,3.571311824474876,3.1197109318380107,,-0.7350499903165701,0.7074136689212025,0.6928292165957983,Severe,2,2
30,8,2012,0.7865444486131103,0.5378465446657851,0.5368462137111998,0.0185270342705034,-0.3591030989475353,0.8505623757995376,2.7533365308781343,-0.7338696848628186,1.4585039947970655,-0.3818583819570776,,1.2873183495327605,-0.2954821052592279,0.9825616138228178,Low,0,0
31,8,2012,-1.1468545500731642,1.2136309828963217,1.9625689452065176,8.022205839127963,-1.7697092701174124,-0.4835780849501091,-0.856276371086689,-0.9992063097293564,-0.5909195999904097,-0.907093779026341,,0.7357633477556704,-0.9519229756318736,-1.043323523460889,Low,0,0
1,9,2012,-1.9754541209387104,0.9433172076041072,0.5368462137111998,3.219998556213488,-2.223617196483957,-1.0819198673469204,-0.8815037181010034,-1.09569235513537,-1.048694629753935,-0.9340289275939956,,-0.1572304646453327,-1.044055027613999,-2.020680004629017,Low,0,0
2,9,2012,-2.8040536918042567,1.6191016458346437,-0.1760151520364591,4.670665339593902,-3.3060130208964864,-1.1304340659196348,-0.892015112690301,-1.143935377838377,-1.097993479113084,-0.9474965018778227,,-0.1782420837606505,-1.3641067779588834,-2.8136613239254054,Low,0,0
3,9,2012,-1.9754541209387104,1.0784740952502143,-0.1760151520364591,1.519216810181277,-2.4610459579679955,-1.0900055671090394,-0.8815037181010034,-1.1198138664868738,-1.055737322519528,-0.9474965018778227,,-0.025907845174597,-1.0809669074145305,-1.994340695790197,Low,0,0
4,9,2012,-0.8706546931179822,0.7405818761349461,0.5368462137111998,-0.3316339134420104,-0.6593806502361723,-1.033405668774206,-0.7091168468365214,-0.8062342189173289,-0.9712250093324154,-0.8801586304586865,,0.4127097038576604,-0.74509913976104,-0.8272851498999282,Low,0,0
5,9,2012,-0.8706546931179822,0.8757387637810534,0.1804155308373703,-0.3816569059723695,0.2065360092938506,-0.9121201723424198,-0.5346276966541799,-0.4685330599962809,-0.8162857684893761,-0.7185477390527593,,0.5650439424437139,-0.7914596517630046,-0.8009458410611089,Low,0,0
6,9,2012,-0.8706546931179822,0.8081603199579998,1.2497075794588588,-0.3316339134420104,-0.1426239340650298,-0.8959487728181817,-0.3622408253896979,-0.6373836394568049,-0.7810723046614126,-0.8262883333233774,,0.4888768231506871,-0.7685926424647382,-0.814115495480518,Low,0,0
7,9,2012,-0.3182549792076179,0.6054249884888387,0.5368462137111998,-0.2315879283812922,-0.5755822638300417,-0.928291571866658,-0.4063886826647481,-0.7821127075658255,-0.8162857684893761,-0.8666910561748592,,0.6333317045684965,-0.5728514871068248,-0.2371725497450896,Low,0,0
8,9,2012,-0.5944548361628,0.7405818761349461,0.5368462137111998,0.0685500268008625,-1.1063053777355396,-0.9768057704393724,-0.8625832078402675,-0.8785987529718392,-0.9641823165668229,-0.8936262047425136,,0.6044407282849347,-0.6851502018274651,-0.5190591954030993,Low,0,0
9,9,2012,-0.5944548361628,1.0108956514271608,-0.1760151520364591,0.1185730193312216,-1.5183141108990184,-1.0172342692499678,-0.8625832078402675,-0.9750847983778528,-0.9923530876291936,-0.9205613533101682,,0.9196150150147004,-0.7785771180875818,-0.4663805777254596,Low,0,0
10,9,2012,0.2341447347027462,0.7405818761349461,-1.2453072006579475,0.5187569595740947,-1.2529525539462696,-1.0091485694878486,-0.8520718132509698,-0.9750847983778528,-0.9853103948636008,-0.907093779026341,,1.1796338015667571,-0.5053033880267404,0.4056186680873894,Low,0,0
11,9,2012,-0.5944548361628,1.0108956514271608,1.9625689452065176,0.5187569595740947,-1.350717338086756,-1.033405668774206,-0.8625832078402675,-0.8785987529718392,-1.0064384731603788,-0.907093779026341,,0.9196150150147004,-0.7785771180875818,-0.4663805777254596,Low,0,0
12,9,2012,-0.8706546931179822,1.754258533480751,-0.8888765177841181,-0.3816569059723695,-0.4778174796895548,-0.9768057704393724,-0.6901963365757855,-0.8544772416203358,-0.914883467207674,-0.8801586304586865,,1.5552164932530614,-1.041437639773598,-0.6297403336087788,Low,0,0
13,9,2012,-1.9754541209387104,1.6191016458346437,1.9625689452065176,1.91940075042415,-2.5797603387100154,-1.0819198673469204,-0.8815037181010034,-1.1198138664868738,-1.048694629753935,-0.9474965018778227,,0.499382632708346,-1.211446110430361,-1.8889834604349176,Low,0,0
14,9,2012,-2.8040536918042567,0.9433172076041072,3.744722359575665,3.770251474047438,-2.1258524123434706,-1.0980912668711584,-0.892015112690301,-1.0474493324323633,-1.0627800152851206,-0.9340289275939956,,-0.7560616094318878,-1.2168026250804849,-2.945357868119505,Low,0,0
15,9,2012,-2.2516539778938927,1.348787870542429,-0.1760151520364591,-0.181564935850933,-2.300432384022911,-1.1142626663953967,-0.8857082759367224,-1.09569235513537,-1.076865400816306,-0.9474965018778227,,0.0213682978348678,-1.2027581049612586,-2.249888032609386,Low,0,0
16,9,2012,-0.5944548361628,0.1999543255505168,-0.5324458349102886,-0.3816569059723695,0.017989639880055,-0.928291571866658,-0.7091168468365214,-0.6856266621598118,-0.8796700033797104,-0.8397559076072046,,-0.025907845174597,-0.4638002771496498,-0.6244164307583795,Low,0,0
17,9,2012,-0.3182549792076179,-0.6785654441491807,-0.5324458349102886,-0.3816569059723695,0.688376731129106,-0.6695491794788477,-0.5283208599006013,0.3515983259548359,-0.633175756583966,-0.1529096191320141,,-0.9136487527967708,0.1253133244668268,-0.4873959837138796,Moderate,1,1
18,9,2012,-0.0420551222524358,-0.8813007756183417,-1.601737883531777,-0.3816569059723695,0.8070911118711256,-0.3946353875667992,-0.3433203151289621,0.4963273940638564,-0.3796388170226287,0.0895067179768765,,-1.029212657931018,0.3743555175700019,-0.2186789924752792,Moderate,1,1
19,9,2012,-0.8706546931179822,-0.3406732250339124,-0.5324458349102886,-0.3816569059723695,0.8001079130039475,-0.1763214939895843,-0.1709334438644802,0.7375425075788907,-0.1754007268204405,0.3588582036534217,,-0.8059642048307675,-0.2570937502666754,-1.037999620610489,Moderate,1,1
20,9,2012,-1.1468545500731642,1.4839447581885363,0.8932768965850293,-0.3816569059723695,0.4160319753091789,-0.0954644963683936,-0.0027511304357173,-0.0584673670207225,-0.0486322570397718,-0.0990393219967051,,1.0299260153701184,-1.024860850117723,-0.9906449057832484,Moderate,1,1
21,9,2012,-0.3182549792076179,-0.4758301126800198,-1.601737883531777,-0.3816569059723695,0.6953599299962833,0.1471064964951784,0.1780448565002027,0.1586262351428085,0.1767339114591944,0.1703121636798402,,-0.6693886805812023,-0.01699203904053,-0.4478870204556491,Moderate,1,1
22,9,2012,-0.3182549792076179,-0.8137223317952881,1.2497075794588588,-0.0815189507902148,-0.0029599567214776,-0.3299497894698467,-0.1688311649466206,-0.5650191054022946,-0.2669557327731455,-0.5704044219306594,,-1.0764888009404832,0.2296705910388884,-0.513735292552699,Low,0,0
23,9,2012,-0.0420551222524358,-0.5434085565030734,-1.601737883531777,-0.1315419433205739,-0.2892711102757592,-0.5482636830470616,-0.4000818459111696,-0.8544772416203358,-0.4993645940377046,-0.8532234818910319,,-0.6089802756246638,0.1097283085510469,-0.1528307203782294,Low,0,0
24,9,2012,-0.8706546931179822,0.1999543255505168,1.2497075794588588,-0.0815189507902148,-0.6663638491033504,-0.7423204773379194,-0.7196282414258192,-0.7821127075658255,-0.7669869191302271,-0.8532234818910319,,-0.1966272504865535,-0.5311275459058186,-0.9326423852552084,Low,0,0
25,9,2012,-1.6992542639835284,1.2812094267193754,1.9625689452065176,2.5196766607884595,-2.042054025937339,-0.9444629713908962,-0.8772991602652842,-1.0474493324323633,-0.9641823165668229,-0.9340289275939956,,0.3838187275740986,-1.0788889052924264,-1.6466057780351375,Low,0,0
26,9,2012,-0.3182549792076179,-0.5434085565030734,-1.601737883531777,-0.3816569059723695,0.2903343956999821,-0.701891978527324,-0.6965031733293641,-0.5408975940507912,-0.7388161480678564,-0.7185477390527593,,-0.7508087046530584,0.028686225788992,-0.4610566748750593,Low,0,0
27,9,2012,-0.3182549792076179,0.2675327693735705,-1.601737883531777,-0.3816569059723695,0.5487127537855538,-0.5159208839985853,-0.5157071863934442,-0.1790749237782396,-0.5416207506312608,-0.395325956240905,,0.2262315842092156,-0.4280964225062269,-0.3030208218421394,Low,0,0
28,9,2012,-0.0420551222524358,-1.016457663264449,-0.5324458349102886,-0.0314959582598557,-0.0239095533230102,-0.6129492811440143,-0.8541740921688292,-0.7097481735113153,-0.6965599914743001,-0.8262883333233774,,-1.19730561085356,0.4959714263957346,-0.2450183013140995,Low,0,0
29,9,2012,-1.6992542639835284,1.2136309828963217,0.1804155308373703,0.5187569595740947,-2.1258524123434706,-0.9525486711530152,-0.8772991602652842,-1.071570843783867,-0.9641823165668229,-0.9340289275939956,,0.3155309654493159,-1.0613297873606478,-1.6597754324545468,Low,0,0
30,9,2012,-1.9754541209387104,1.0784740952502143,-0.5324458349102886,0.3186649894526581,-2.2934491851557333,-1.033405668774206,-0.8815037181010034,-1.09569235513537,-1.0064384731603788,-0.9340289275939956,,-0.025907845174597,-1.0809669074145305,-1.994340695790197,Low,0,0
1,6,2012,-0.0420551222524358,0.6054249884888387,-1.2453072006579475,-0.0314959582598557,-1.4484821222272424,-0.9848914702014916,-0.8667877656759867,-0.9992063097293564,-0.978267702098008,-0.9205613533101682,,0.8198098242169413,-0.5112138466962476,0.0710534047517402,Low,0,0
2,6,2012,-0.5944548361628,0.7405818761349461,-0.8888765177841181,1.6192627952419956,-1.5462469063677289,-0.9687200706772532,-0.8751968813474248,-0.9992063097293564,-0.9712250093324154,-0.9205613533101682,,0.6044407282849347,-0.6851502018274651,-0.5190591954030993,Low,0,0
3,6,2012,-0.8706546931179822,1.2136309828963217,-0.5324458349102886,0.6188029446348129,-2.0350708270701614,-1.0091485694878486,-0.8794014391831437,-1.071570843783867,-0.9923530876291936,-0.9340289275939956,,0.9458795389088476,-0.8972195697674864,-0.7350975689640591,Low,0,0
4,6,2012,-0.5944548361628,0.1323758817274631,-0.5324458349102886,-0.3816569059723695,0.1087712251533647,-0.7665775766242765,-0.7154236835901,-0.6132621281053015,-0.7810723046614126,-0.8128207590395501,,-0.1047014168570384,-0.4322406199201958,-0.6375860851777897,Low,0,0
5,6,2012,-0.0420551222524358,-0.1379378935647514,-0.5324458349102886,-0.2816109209116513,-0.051842348791721,-0.701891978527324,-0.6691735473971901,-0.7097481735113153,-0.7176880697710782,-0.8262883333233774,,-0.1047014168570384,-0.149606356287529,-0.0738127938617694,Low,0,0
6,6,2012,0.7865444486131103,-0.5434085565030734,-1.601737883531777,-0.3316339134420104,0.4090487764420017,-0.5078351842364662,-0.4862752815434105,-0.3961685259417705,-0.5204926723344827,-0.5300016990791776,,-0.1834949885394799,0.352854556837212,0.7718471431122583,Low,0,0
7,6,2012,0.7865444486131103,-1.21919299473361,0.5368462137111998,-0.2816109209116513,0.5417295549183757,-0.3865496878046802,-0.4316160296790626,0.1586262351428085,-0.421894973616185,-0.1394420448481869,,-1.1027533248346302,0.9975074878990132,0.6401505989181587,Moderate,1,1
8,6,2012,-1.1468545500731642,-0.7461438879722344,0.5368462137111998,0.268641996922299,-0.449884684220844,-0.5644350825712998,-0.8836059970188629,-0.7821127075658255,-0.6613465276463366,-0.8397559076072046,,-1.3969159924490784,-0.0809589450067292,-1.4252435016237786,Low,0,0
9,6,2012,-1.4230544070283464,-0.2055163373878051,0.8932768965850293,-0.3316339134420104,0.017989639880055,-0.4997494844743472,-0.7301396360151168,-0.5650191054022946,-0.5909195999904097,-0.6916125904851047,,-0.9635513481956504,-0.4809173793757945,-1.6281122207653271,Low,0,0
10,6,2012,-0.5944548361628,-1.421928326202771,-0.1760151520364591,-0.3816569059723695,0.8070911118711256,-0.1116358958926317,-0.5661618804220729,0.8822715756879115,-0.2528703472419601,0.3992609265049036,,-1.916953565553192,0.7185322473489236,-0.9404881368242192,Moderate,1,1
11,6,2012,-0.3182549792076179,-1.354349882379717,1.9625689452065176,-0.3816569059723695,0.8908894982772562,0.2845633924512026,-0.39797956699331,2.088347143263083,0.092221598272082,1.3015884035213303,,-1.7278489935153325,0.746487530252908,-0.6190925279079792,Severe,2,2
12,6,2012,-1.4230544070283464,-0.2730947812108588,0.5368462137111998,-0.3816569059723695,0.7721751175352376,0.535220085076894,-0.244513205989564,0.9546361097424216,0.3175877667710484,0.7898205807358943,,-1.0344655627098476,-0.4463880524713304,-1.6412818751847371,Moderate,1,1
13,6,2012,-0.5944548361628,-0.6785654441491807,-0.1760151520364591,0.6188029446348129,-0.3870358944162461,-0.2652641913728941,-0.8751968813474248,-0.8062342189173289,-0.4078095880849995,-0.8262883333233774,,-1.050224277046336,0.0411542385216156,-0.7956219382107096,Low,0,0
14,6,2012,-1.4230544070283464,1.146052539073268,0.1804155308373703,-0.0314959582598557,-1.706860480312814,-0.6695491794788477,-0.8857082759367224,-1.0233278210808598,-0.7458588408334491,-0.907093779026341,,0.4547329420882958,-0.9879302807577992,-1.364719132377127,Low,0,0
15,6,2012,-1.1468545500731642,1.8894154211268583,-0.1760151520364591,-0.3816569059723695,-0.7711118321110146,-0.6048635813818951,-0.7301396360151168,-0.8544772416203358,-0.6754319131775222,-0.8666910561748592,,1.4711700167917907,-1.122111349432189,-0.9116269792667884,Low,0,0
16,6,2012,-0.8706546931179822,1.6866800896576974,-0.1760151520364591,-0.181564935850933,-2.1258524123434706,-0.8474345742454672,-0.8709923235117056,-1.09569235513537,-0.8867126961453031,-0.9340289275939956,,1.4790493739600348,-1.024860850117723,-0.642909988028189,Low,0,0
17,6,2012,-0.3182549792076179,0.4702681008427314,0.5368462137111998,1.9694237429545092,-1.0923389800011842,-0.8716916735318245,-0.8709923235117056,-0.8785987529718392,-0.9078407744420812,-0.8936262047425136,,0.4704916564247841,-0.5174669406509439,-0.2635118585839099,Low,0,0
18,6,2012,0.2341447347027462,-0.0027810059186441,-1.9581685664056063,3.970343444168874,-0.8618934173843233,-0.815091775196991,-0.864685486758127,-0.9268417756748462,-0.8655846178485249,-0.8936262047425136,,0.2262315842092156,-0.1543120256091968,0.2607524694738797,Low,0,0
19,6,2012,-0.0420551222524358,0.3351112131966241,-0.5324458349102886,1.8693777578937911,-0.9247422071889222,-0.8312631747212291,-0.8667877656759867,-0.9027202643233428,-0.8796700033797104,-0.8936262047425136,,0.4836239183718577,-0.3934583545685781,0.0183747870741006,Low,0,0
20,6,2012,-0.3182549792076179,0.6730034323118924,-0.5324458349102886,-0.2816109209116513,-1.2320029573447364,-0.8797773732939437,-0.8709923235117056,-0.9509632870263496,-0.914883467207674,-0.907093779026341,,0.7147517286403526,-0.5993899156169341,-0.2240028953256795,Low,0,0
21,6,2012,-0.0420551222524358,-0.4758301126800198,-0.5324458349102886,-0.3816569059723695,0.5836287481214419,-0.5159208839985853,-0.652355316054314,0.0621401897367946,-0.5979622927560024,-0.2875853619702868,,-0.5249337991633929,0.0625765513076694,-0.1396610659588192,Low,0,0
22,6,2012,0.2341447347027462,-1.0840361070875026,-0.5324458349102886,0.1685960118615808,0.0319560376144104,-0.5320922835228236,-0.864685486758127,-0.6856266621598118,-0.633175756583966,-0.7858856104718955,,-1.160535277401754,0.6558814749909828,0.0500379987633192,Low,0,0
23,6,2012,0.2341447347027462,-0.2055163373878051,0.1804155308373703,0.0185270342705034,-0.2543551159398711,-0.6210349809061333,-0.864685486758127,-0.7579911962143221,-0.7036026842398929,-0.8397559076072046,,-0.0337872023428411,-0.035872721496035,0.2212435062156492,Low,0,0
24,6,2012,0.7865444486131103,0.4026896570196778,0.1804155308373703,-0.3816569059723695,0.5207799583168431,-0.3784639880425611,-0.6817872209043474,0.0380186783852913,-0.4782365157409265,-0.2337150648349778,,1.1034666822737305,-0.2311251571834786,0.9562223049839984,Moderate,1,1
25,6,2012,0.5103445916579282,0.5378465446657851,0.1804155308373703,-0.3816569059723695,0.5696623503870865,-0.1520643947032271,-0.5009912339684273,0.1586262351428085,-0.281041118304331,-0.045169024861396,,1.1034666822737305,-0.3580002833899561,0.6743356593259889,Moderate,1,1
26,6,2012,1.0627443055682924,-0.0027810059186441,0.1804155308373703,-0.3816569059723695,0.6953599299962833,0.1471064964951784,-0.3138884102789286,0.5445704167668634,-0.0204614859774011,0.3319230550857673,,0.7147517286403526,0.0574430938658504,1.1854303329643674,Moderate,1,1
27,6,2012,1.0627443055682924,-0.4758301126800198,-0.1760151520364591,-0.3816569059723695,0.786141515269592,0.5028772860284175,-0.1288878655072895,0.7857855302818977,0.2894169957086777,0.6686124121814488,,0.0528857265078444,0.3808509127004674,1.0932427520284984,Moderate,1,1
28,6,2012,1.3389441625234746,-1.6922421014949858,-0.8888765177841181,-0.3816569059723695,1.023570276753631,1.0122763710419191,0.0624195160179282,1.6782814502875243,0.7331066399410178,1.5305371663463936,,-1.5518766834245463,1.892654129316257,1.1644149269759485,Severe,2,2
29,6,2012,1.3389441625234746,-1.759820545318039,-0.8888765177841181,-0.0815189507902148,0.5836287481214419,0.2603062931648454,-0.2676382740860187,0.0138971670337877,0.0781362127408967,0.0221688465577402,,-1.649055421832891,2.014217253459339,1.1512452725565372,Moderate,1,1
30,6,2012,0.5103445916579282,-1.354349882379717,-0.1760151520364591,0.4687339670437355,0.1297208217548973,-0.2167499928001797,-0.8604809289224079,-0.6132621281053015,-0.3655534314914433,-0.651209867633623,,-1.3969159924490784,1.0590784209065487,0.3055853355825095,Low,0,0
1,7,2012,-1.1468545500731642,-0.2730947812108588,0.8932768965850293,0.7188489296955313,-0.98759099699352,-0.928291571866658,-0.8604809289224079,-0.8544772416203358,-0.9430542382700446,-0.8801586304586865,,-0.8821313241237941,-0.3709350788652791,-1.3330559206879085,Low,0,0
2,7,2012,0.2341447347027462,-0.9488792194413954,0.1804155308373703,-0.3816569059723695,0.6813935322619279,-0.5482636830470616,-0.6649689895614711,0.4963273940638564,-0.6261330638183732,-0.0855717477128778,,-0.9871894197003828,0.525068982706579,0.0763773076021395,Moderate,1,1
3,7,2012,0.5103445916579282,-0.4082516688569661,0.5368462137111998,-0.3316339134420104,0.4788807651137778,-0.4027210873289184,-0.4652524923648152,-0.0102243443177155,-0.4500657446785557,-0.247182639118805,,-0.1467246550876739,0.1734042307212329,0.4899604974542497,Moderate,1,1
4,7,2012,0.5103445916579282,-0.2730947812108588,0.8932768965850293,-0.3816569059723695,0.7093263277306386,-0.0873787966062746,-0.2655359951681593,0.7857855302818977,-0.1824434195860332,0.3857933522210764,,0.0318741073925267,0.0817827627710278,0.516299806293069,Moderate,1,1
5,7,2012,0.5103445916579282,-1.1516145509105564,0.8932768965850293,-0.3816569059723695,0.8839062994100789,0.324991891261798,-0.0637172190536438,1.5817954048815113,0.1415204476312309,1.0726396406962668,,-1.1290178487287774,0.822898636857131,0.34509429884074,Severe,2,2
6,7,2012,0.7865444486131103,-1.354349882379717,-0.1760151520364591,-0.2315879283812922,0.4788807651137778,0.0662494988739877,-0.0910468449858177,-0.1067103897237294,0.0006665923193769,-0.0990393219967051,,-1.2866049920936604,1.1632753844577624,0.6138112900793384,Moderate,1,1
7,7,2012,1.6151440194786566,-1.2867714385566638,-0.8888765177841181,-0.1315419433205739,0.4998303617153104,-0.135892995178989,-0.2949679000181928,-0.1549534124267363,-0.210614190648404,-0.247182639118805,,-0.855866800229647,1.3837852375545163,1.5516588079892373,Moderate,1,1
8,7,2012,0.7865444486131103,-1.016457663264449,0.8932768965850293,2.619722645849178,0.2065360092938506,-0.3946353875667992,-0.8352535819080936,-0.3961685259417705,-0.5134499795688899,-0.5434692733630049,,-0.8269758239460852,0.7753079669798391,0.6796595621763882,Low,0,0
9,7,2012,1.0627443055682924,-1.2867714385566638,-0.1760151520364591,0.5687799521044538,0.3112839923015147,-0.4269781866152755,-0.8310490240723745,-0.372047014590267,-0.5416207506312608,-0.5300016990791776,,-1.0817417057193126,1.1802376808498205,0.9352068989955784,Low,0,0
10,7,2012,0.5103445916579282,-0.7461438879722344,0.1804155308373703,1.519216810181277,-0.0239095533230102,-0.5401779832849426,-0.8394581397438126,-0.6615051508083083,-0.633175756583966,-0.7724180361880684,,-0.5932215612881755,0.4338966395992669,0.4241122253571989,Low,0,0
11,7,2012,0.5103445916579282,-0.4082516688569661,-0.1760151520364591,1.0690098774080448,-0.2124559227368058,-0.6129492811440143,-0.8394581397438126,-0.7579911962143221,-0.6965599914743001,-0.8397559076072046,,-0.1467246550876739,0.1734042307212329,0.4899604974542497,Low,0,0
12,7,2012,1.0627443055682924,-1.21919299473361,-0.8888765177841181,-0.3816569059723695,0.8559735039413681,-0.1682357942274653,-0.6313325268757186,0.8581500643364082,-0.2951265038355163,0.3453906293695945,,-0.9871894197003828,1.0969682258342628,0.9483765534149886,Moderate,1,1
13,7,2012,1.8913438764338384,-1.1516145509105564,-0.8888765177841181,-0.0815189507902148,0.5137967594496659,-0.2733498911350132,-0.8205376294830768,-0.1308319010752327,-0.4078095880849995,-0.3145205105379413,,-0.5380660611104665,1.3091511334294612,1.8862240713248877,Low,0,0
15,7,2012,0.5103445916579282,-1.1516145509105564,0.5368462137111998,-0.3816569059723695,0.8839062994100789,0.2683919929269645,-0.5325254177363203,1.4853093594754974,0.0710935199753039,0.9514314721418214,,-1.1290178487287774,0.822898636857131,0.34509429884074,Moderate,1,1
16,7,2012,-0.3182549792076179,1.4163663143654828,0.5368462137111998,-0.3816569059723695,0.4649143673794224,0.3815917895966314,-0.3433203151289621,-0.0102243443177155,0.1767339114591944,0.0356364208415674,,1.6103719934307703,-0.8491069356939893,-0.0791366967121698,Moderate,1,1
17,7,2012,-0.0420551222524358,1.2812094267193754,0.5368462137111998,-0.3816569059723695,0.4718975662465995,0.5190486855526558,-0.1499106546858848,-0.0102243443177155,0.2964596884742702,0.0895067179768765,,1.6602745888296502,-0.7547205742442065,0.2027499489458397,Moderate,1,1
18,7,2012,0.2341447347027462,0.4026896570196778,-0.1760151520364591,-0.3816569059723695,0.5766455492542637,0.7454482788919896,0.045601284675052,0.1103832124398015,0.5077404714420513,0.2780527579504582,,0.7462691573133292,-0.3598390533349775,0.3397703959903396,Moderate,1,1
19,7,2012,0.5103445916579282,-0.2730947812108588,0.1804155308373703,-0.3816569059723695,0.7163095265978159,1.0607905696146336,0.2453177818717079,0.6169349508213736,0.7753627965345739,0.8032881550197215,,0.0318741073925267,0.0817827627710278,0.516299806293069,Moderate,1,1
20,7,2012,1.0627443055682924,-0.8137223317952881,0.1804155308373703,-0.3816569059723695,0.8420071062070137,1.456989857958468,0.453443394739802,1.1476082005544492,1.1204547420486162,1.382393849224294,,-0.4198757035868043,0.6672978379539853,1.0273944799314485,Severe,2,2
21,7,2012,1.0627443055682924,-2.232869652079415,0.8932768965850293,-0.3816569059723695,1.121335060894118,2.014903141544684,0.6552621708543173,3.3185442221897583,1.6064005428745125,3.0927757832703566,,-2.405473709984329,2.948995759800974,0.7508317371238383,Severe,2,2
22,7,2012,-0.0420551222524358,-0.9488792194413954,0.8932768965850293,-0.3816569059723695,0.953738288081855,2.3868453306021613,0.8549786680509732,2.0401041205600765,1.923321717326184,2.473267366214302,,-1.113259134392289,0.4338966395992669,-0.2318486468946893,Severe,2,2
23,7,2012,-0.3182549792076179,0.6054249884888387,0.5368462137111998,-0.3816569059723695,0.6604439356603953,2.580902124893019,1.042081491740472,0.52044890541536,2.0993890364660013,1.2477181063860214,,0.6333317045684965,-0.5728514871068248,-0.2371725497450896,Severe,2,2
24,7,2012,0.2341447347027462,0.0647974379044095,0.5368462137111998,0.1685960118615808,-0.3521199000803581,0.5028772860284175,0.1507152305680288,-0.7579911962143221,0.3528012305990119,-0.6108071447821412,,0.3129045130599012,-0.1912851417080142,0.2739221238932889,Low,0,0
25,7,2012,1.8913438764338384,0.1323758817274631,-2.314599249279436,0.2186190043919399,-0.282287911408582,-0.241007092086537,-0.7049122890008023,-0.8785987529718392,-0.372596124257036,-0.8532234818910319,,1.4081351594458376,0.1831726960541594,2.1364475052936776,Low,0,0
26,7,2012,0.7865444486131103,-0.2730947812108588,-1.9581685664056063,-0.2816109209116513,0.0319560376144104,-0.3137783899456085,-0.6250256901221399,-0.7579911962143221,-0.421894973616185,-0.8128207590395501,,0.1842083459785801,0.1572357363770792,0.8245257607898979,Low,0,0
27,7,2012,-0.8706546931179822,1.6866800896576974,0.8932768965850293,-0.3816569059723695,0.1506704183564299,-0.2329213923244178,-0.4442297031862198,-0.4685330599962809,-0.3444253531946652,-0.5165341247953503,,1.4790493739600348,-1.024860850117723,-0.642909988028189,Low,0,0
28,7,2012,0.2341447347027462,-0.3406732250339124,0.1804155308373703,-0.3816569059723695,0.6744103333947506,0.0824208983982258,-0.248717763825283,0.4722058827123531,-0.06976033533655,0.264585183666631,,-0.2071330600442123,0.0500130896737434,0.1949041973768289,Moderate,1,1
29,7,2012,0.5103445916579282,-0.2055163373878051,0.1804155308373703,-0.3816569059723695,0.7163095265978159,0.3896774893587506,-0.0468989877107675,0.6410564621728772,0.1978619897559725,0.520469095059349,,0.121173488632627,0.0383013881505918,0.5294694607124791,Moderate,1,1
30,7,2012,1.0627443055682924,-0.4082516688569661,0.1804155308373703,-0.3816569059723695,0.7721751175352376,0.7373625791298707,0.1612266251573265,0.8340285529849044,0.5006977786764587,0.830223303587376,,0.1474380125267742,0.3296996760480537,1.1064124064479086,Moderate,1,1
31,7,2012,1.3389441625234746,-0.4758301126800198,-0.1760151520364591,-0.3816569059723695,0.8001079130039475,1.101219068425229,0.3735567958611396,0.8581500643364082,0.8176189531281302,1.0053017692771304,,0.1973406079256537,0.4604195030486669,1.4014687065253273,Moderate,1,1
1,8,2012,1.6151440194786566,-0.6785654441491807,-0.5324458349102886,-0.3816569059723695,0.0319560376144104,-0.8312631747212291,-0.8184353505652172,-0.6615051508083083,-0.8655846178485249,-0.8397559076072046,,0.0423799169501855,0.7144269260833035,1.6701856977639278,Low,0,0
2,8,2012,2.167543733389021,-1.894977432964147,-0.5324458349102886,-0.3816569059723695,1.0794358676910518,-0.3137783899456085,-0.5892869485185278,2.184833188669097,-0.4289376663817776,0.8706260264388579,,-1.575514754929279,2.664937506225252,2.0495838272082065,Moderate,1,1
3,8,2012,1.8913438764338384,-1.9625558767872,0.5368462137111998,-0.3816569059723695,1.1073686631597626,0.195620695067893,-0.3643431043075574,3.004964574620214,0.0147519778505622,1.6786804834684936,,-1.7672457793565532,2.688340032798252,1.7281882182919677,Severe,2,2
4,8,2012,1.6151440194786566,-1.8273989891410929,-0.1760151520364591,-0.3816569059723695,1.1143518620269397,0.6726769810329181,-0.1415015390144466,2.643141904347662,0.4373135437861242,1.8672265234420755,,-1.6543083266117204,2.2677631981006257,1.446301572633958,Severe,2,2
5,8,2012,0.5103445916579282,-1.354349882379717,0.5368462137111998,-0.3316339134420104,0.7302759243321714,0.7211911796056326,0.0645217949357878,3.4391517789472754,0.4795697003796805,0.7494178578844124,,-1.3969159924490784,1.0590784209065487,0.3055853355825095,Moderate,1,1
6,8,2012,-0.5944548361628,-0.5434085565030734,-0.5324458349102886,1.1690558624687633,-0.5127334740254429,-0.2976069904213704,-0.8478672554152507,-0.8303557302688325,-0.4359803591473703,-0.8397559076072046,,-0.892637133681453,-0.0523558569730628,-0.7692826293718892,Low,0,0
7,8,2012,0.5103445916579282,0.0647974379044095,-0.8888765177841181,1.0690098774080448,-0.5685990649628635,-0.6048635813818951,-0.8331513029902339,-0.8544772416203358,-0.6895172987087075,-0.8666910561748592,,0.4783710135930283,-0.1218204993405388,0.5821480783901188,Low,0,0
8,8,2012,1.3389441625234746,-0.4082516688569661,-1.601737883531777,-0.3816569059723695,0.6674271345275734,-0.2814355908971324,-0.6145142955328423,0.1103832124398015,-0.4007668953194068,-0.1529096191320141,,0.2945193463339982,0.4078473987114636,1.4146383609447384,Moderate,1,1
9,8,2012,1.8913438764338384,-1.2867714385566638,-1.2453072006579475,-0.3816569059723695,0.9677046858162104,0.1471064964951784,-0.3895704513218719,1.1717297119059529,-0.0204614859774011,0.7628854321682397,,-0.7429293474848143,1.4855590159068643,1.8598847624860677,Moderate,1,1
10,8,2012,1.8913438764338384,-1.5570852138488784,-0.1760151520364591,-0.2816109209116513,0.8001079130039475,0.090506598160345,-0.2949679000181928,0.8340285529849044,-0.0627176425709572,0.4935339464916943,,-1.1526559202335098,1.892654129316257,1.807206144808427,Moderate,1,1
11,8,2012,2.167543733389021,-2.097712764433308,-0.1760151520364591,-0.3816569059723695,1.142284657495651,0.6322484822223228,-0.0658194979715034,2.8602355065111937,0.4021000799581607,1.9614995434288665,,-1.8906890416590447,3.163184846166539,2.0100748639499773,Severe,2,2
12,8,2012,1.8913438764338384,-2.7734972026638443,0.5368462137111998,-0.181564935850933,1.058486271089519,0.3007347919754407,-0.1667288860287611,2.594898881644656,0.1203923693344527,1.584407463481703,,-2.99642549760264,5.643744817159947,1.5701523652590477,Severe,2,2
13,8,2012,0.7865444486131103,-1.894977432964147,0.1804155308373703,-0.2816109209116513,0.7302759243321714,0.1794492955436546,-0.0910468449858177,0.6651779735243806,0.0570081344441185,0.4665987979240399,,-2.0220116611297807,2.021368025467756,0.5084540547240581,Moderate,1,1
14,8,2012,1.3389441625234746,-1.4895067700258249,-0.8888765177841181,-0.3816569059723695,0.981671083550566,0.6160770826980847,0.1275901624715739,1.461187848123994,0.3950573871925681,1.1669126606830575,,-1.2603404681995132,1.5644336941299346,1.203923890234178,Severe,2,2
15,8,2012,0.7865444486131103,-1.0840361070875026,-0.8888765177841181,-0.2315879283812922,0.4230151741763571,0.1794492955436546,0.1002605365394,-0.2996824805357568,0.162648525928009,-0.2067799162673232,,-0.9189016575756002,0.8461541910410253,0.666489907756978,Moderate,1,1
16,8,2012,2.167543733389021,-1.421928326202771,-1.9581685664056063,-0.3316339134420104,0.988654282417743,0.6403341819844419,0.3294089385860893,1.1476082005544492,0.5288685497388294,1.0457044921286125,,-0.8401080858931588,1.785915776410136,2.1417714081440766,Moderate,1,1
17,8,2012,2.719943447299385,-2.570761871194683,-2.314599249279436,-0.3816569059723695,1.2679822371048477,1.2629330636676104,0.566966456304217,2.643141904347662,0.9655155012055766,2.2847213262407204,,-2.500025996003259,5.174858481179485,2.534339192007765,Severe,2,2
18,8,2012,1.3389441625234746,-1.6922421014949858,-0.5324458349102886,-0.3816569059723695,1.1492678563628278,1.715732250346278,0.7856034637616086,2.7155064384021728,1.3528636033131751,2.594475534768748,,-1.5518766834245463,1.892654129316257,1.1644149269759485,Severe,2,2
19,8,2012,0.7865444486131103,0.2675327693735705,-0.1760151520364591,-0.3316339134420104,0.3392167877702256,1.456989857958468,0.9958313555475622,-0.3479255032387637,1.3246928322508045,0.0895067179768765,,0.9196150150147004,-0.1628677880122289,0.929882996145178,Moderate,1,1
20,8,2012,1.0627443055682924,1.2812094267193754,-0.1760151520364591,-0.3816569059723695,0.4090487764420017,1.594446753914492,1.210263805169235,-0.2273179464812465,1.5078028441562146,0.264585183666631,,2.5112451630000177,-0.538608353545393,1.4356537669331575,Moderate,1,1
21,8,2012,1.0627443055682924,0.6054249884888387,-0.1760151520364591,-0.3816569059723695,0.5696623503870865,1.7965892479674688,1.4225939758730477,0.086261701088298,1.7331690126551806,0.6955475607491033,,1.5657223028107203,-0.2646632850539395,1.303957222739058,Moderate,1,1
22,8,2012,1.3389441625234746,-0.6109870003261271,-0.5324458349102886,-0.3816569059723695,0.8140743107383028,2.13618863797647,1.6412309833304397,0.7857855302818977,2.028962108810074,1.4901344434949122,,0.0029831311089648,0.5715152707046433,1.3751293976865089,Severe,2,2
23,8,2012,1.0627443055682924,-1.2867714385566638,0.1804155308373703,-0.3816569059723695,0.9327886914803224,2.540473626082424,1.855663432952112,1.630038427584518,2.359968668792931,2.352059197659857,,-1.0817417057193126,1.1802376808498205,0.9352068989955784,Severe,2,2
24,8,2012,0.7865444486131103,-1.624663657671932,-0.1760151520364591,-0.3816569059723695,0.9956374812849202,2.960930013712615,2.065891324738065,1.7988890070450418,2.690975228775788,2.6752809804717117,,-1.6543083266117204,1.5471589343832857,0.5611326724016988,Severe,2,2
25,8,2012,0.5103445916579282,-1.4895067700258249,0.8932768965850293,-0.3816569059723695,0.9956374812849202,3.3652150018185685,2.271914658688301,2.3054407454266146,3.014939095993052,3.2409191003924565,,-1.575514754929279,1.2362132589436114,0.2792460267436892,Severe,2,2
26,8,2012,0.2341447347027462,-1.6922421014949858,0.1804155308373703,-0.3816569059723695,1.0026206801520985,3.769499989924522,2.475835713720675,2.0159826092085726,3.3318602704447238,3.1331785061218382,,-1.9405916370579244,1.4195435921107469,-0.0684888910113701,Severe,2,2
27,8,2012,1.0627443055682924,-0.5434085565030734,-0.5324458349102886,-0.3816569059723695,0.9188222937459668,4.141442178982,2.688165884424489,1.2682157573119663,3.613567981068431,2.567540386201093,,-0.0416665595110853,0.4338966395992669,1.0800730976090882,Severe,2,2
28,8,2012,0.7865444486131103,-0.4082516688569661,-0.5324458349102886,-0.181564935850933,0.0948048274190093,1.804674947729588,2.4506083667063607,-0.6373836394568049,0.9796008867367624,-0.1259744705643597,,0.0003566787195501,0.2515519533846433,0.7981864519510786,Moderate,1,1
29,8,2012,0.7865444486131103,-0.6109870003261271,0.5368462137111998,-0.1315419433205739,0.1646368160907854,0.4867058865041794,2.0974255085059585,-0.4926545713477843,0.9796008867367624,-0.1529096191320141,,-0.2754208221689949,0.4063729133781916,0.7586774886928481,Moderate,1,1
30,8,2012,0.5103445916579282,-0.8813007756183417,-0.1760151520364591,-0.3816569059723695,0.7931247141367702,0.8182195767510615,2.305551121374053,0.809907041633401,1.33877821778199,1.2073153835345394,,-0.7718203237683762,0.5529788836577968,0.3977729165183796,Severe,2,2
31,8,2012,-0.5944548361628,-0.2055163373878051,1.2497075794588588,-0.3816569059723695,0.786141515269592,1.0607905696146336,2.4968585028992707,1.2199727346089595,1.5923151573433267,1.665212909184666,,-0.4986692752692457,-0.2583950504359147,-0.7034343572748395,Severe,2,2
1,9,2012,-0.8706546931179822,1.6191016458346437,0.1804155308373703,-0.3816569059723695,-2.789256304725344,-1.1142626663953967,-0.8667877656759867,-1.1198138664868738,-1.076865400816306,-0.9474965018778227,,1.402882254667008,-1.007898553725665,-0.6560796424475982,Low,0,0
2,9,2012,-1.1468545500731642,0.3351112131966241,1.2497075794588588,-0.3816569059723695,-0.1705567295337396,-0.9525486711530152,-0.6965031733293641,-0.6615051508083083,-0.8937553889108958,-0.8397559076072046,,-0.2202653219912859,-0.654728352726845,-1.214529030913218,Low,0,0
3,9,2012,-1.1468545500731642,0.8757387637810534,0.1804155308373703,-0.3816569059723695,0.3043007934343376,-0.8312631747212291,-0.5283208599006013,-0.3479255032387637,-0.7529015335990418,-0.6108071447821412,,0.3680600132376103,-0.8498099513516841,-1.1091717955579388,Low,0,0
4,9,2012,-0.5944548361628,0.2675327693735705,-0.1760151520364591,-0.2816109209116513,-0.3032375080101146,-0.8555202740075863,-0.4799684447898319,-0.7821127075658255,-0.7529015335990418,-0.8532234818910319,,0.0528857265078444,-0.4944035811297266,-0.6112467763389694,Low,0,0
5,9,2012,-0.5944548361628,-0.2730947812108588,-1.2453072006579475,1.6692857877723544,-0.8199942241812581,-0.8636059737697054,-0.8625832078402675,-0.9027202643233428,-0.9007980816764884,-0.8936262047425136,,-0.5774628469516873,-0.2200291316531766,-0.7166040116942496,Low,0,0
6,9,2012,0.5103445916579282,0.6054249884888387,-0.5324458349102886,2.8698376085009736,-0.9317254060560994,-0.920205872104539,-0.8478672554152507,-0.9027202643233428,-0.9289688527388592,-0.8936262047425136,,1.1927660635138309,-0.3879385658750937,0.687505313745399,Low,0,0
7,9,2012,-0.3182549792076179,-0.0027810059186441,-0.1760151520364591,-0.3816569059723695,0.3811159809732908,-0.7180633780515623,-0.6670712684793306,-0.2273179464812465,-0.7247307625366709,-0.5165341247953503,,-0.099448512078209,-0.2954821052592279,-0.355699439519779,Low,0,0
8,9,2012,-0.5944548361628,1.754258533480751,-0.5324458349102886,-0.3816569059723695,0.3252503900358702,-0.6533777799546097,-0.4904798393791296,-0.420290037293274,-0.6050049855215951,-0.5838719962144866,,1.7863443035215565,-0.9917072708059732,-0.3215143791119499,Low,0,0
9,9,2012,-0.5944548361628,1.2136309828963217,-0.1760151520364591,-0.3816569059723695,0.3671495832389354,-0.5482636830470616,-0.3138884102789286,-0.2996824805357568,-0.4711938229753338,-0.449196253376214,,1.1559957300620247,-0.8425161639030992,-0.4268716144672291,Low,0,0
10,9,2012,-0.8706546931179822,0.8081603199579998,-0.1760151520364591,0.1685960118615808,-1.28088534941498,-0.8070060754348719,-0.8667877656759867,-0.9509632870263496,-0.8514992323173396,-0.907093779026341,,0.4888768231506871,-0.7685926424647382,-0.814115495480518,Low,0,0
11,9,2012,-0.5944548361628,0.7405818761349461,-0.5324458349102886,-0.3816569059723695,0.0948048274190093,-0.6614634797167287,-0.6901963365757855,-0.6373836394568049,-0.7106453770054856,-0.7858856104718955,,0.6044407282849347,-0.6851502018274651,-0.5190591954030993,Low,0,0
12,9,2012,-0.3182549792076179,0.6730034323118924,-0.5324458349102886,-0.3816569059723695,0.4439647707778897,-0.5159208839985853,-0.5094003496398655,-0.2273179464812465,-0.5345780578656681,-0.4222611048085595,,0.7147517286403526,-0.5993899156169341,-0.2240028953256795,Low,0,0
13,9,2012,-0.8706546931179822,-0.8813007756183417,1.2497075794588588,-0.3816569059723695,0.751225520933704,-0.2571784916107751,-0.3370134783753835,1.051122155148435,-0.302169196601109,0.4396636493563855,,-1.4153011591749811,0.10642046843831,-1.143356855965768,Moderate,1,1
14,9,2012,-1.1468545500731642,1.2812094267193754,-0.1760151520364591,-0.3816569059723695,0.4718975662465995,-0.1682357942274653,-0.1667288860287611,-0.1067103897237294,-0.1683580340548477,-0.1798447676996687,,0.8093040146592824,-0.9708327949430198,-1.0301538690414789,Moderate,1,1
15,9,2012,-0.0420551222524358,-0.7461438879722344,-0.8888765177841181,-0.3816569059723695,0.7582087198008821,0.1066779976845831,0.0161693798250185,0.52044890541536,0.0781362127408967,0.3723257779372492,,-0.8611197050084765,0.2622781113972682,-0.1923396836364599,Moderate,1,1
16,9,2012,0.2341447347027462,-2.435604983548576,-0.8888765177841181,-0.3816569059723695,1.121335060894118,0.5271343853147747,0.2053744824323768,2.2813192340751107,0.4021000799581607,1.6517453349008393,,-2.893993854415466,3.0708813325492104,-0.2133550896248799,Severe,2,2
17,9,2012,0.5103445916579282,-1.21919299473361,-1.2453072006579475,-0.3816569059723695,1.023570276753631,0.8505623757995376,0.2915679180646177,1.5576738935300074,0.6697224050506834,1.4093289977919483,,-1.2183172299688778,0.8980467499637639,0.3319246444213298,Severe,2,2
18,9,2012,1.0627443055682924,-1.9625558767872,-0.8888765177841181,-0.3316339134420104,0.8908894982772562,0.8990765743722522,0.5963983611542504,1.027000643796932,0.8105762603625373,1.126509937831576,,-2.02726456590861,2.290497081057254,0.8035103548014779,Severe,2,2
19,9,2012,-0.8706546931179822,-1.421928326202771,-2.6710299321532656,-0.3316339134420104,0.4230151741763571,0.8263052765131803,0.7687852324187324,-0.4926545713477843,0.8598751097216861,-0.193312341983496,,-2.0246381135191958,0.6117938944428023,-1.2487140913210482,Moderate,1,1
20,9,2012,0.5103445916579282,-0.2730947812108588,-0.8888765177841181,-0.2816109209116513,0.1157544240205419,0.324991891261798,0.8108308107759231,-0.6373836394568049,0.5429539352700147,-0.4357286790923868,,0.0318741073925267,0.0817827627710278,0.516299806293069,Low,0,0
21,9,2012,0.7865444486131103,-1.894977432964147,0.5368462137111998,-0.3816569059723695,1.0026206801520985,0.7211911796056326,1.0063427501368598,2.184833188669097,0.8950885735496497,1.9614995434288665,,-2.0220116611297807,2.021368025467756,0.5084540547240581,Severe,2,2
22,9,2012,0.2341447347027462,0.1323758817274631,-0.8888765177841181,-0.3816569059723695,0.7721751175352376,0.9233336736586094,1.195547852744218,0.5686919281183667,1.1063693565174306,0.8975611750065123,,0.3995774419105868,-0.227102847928744,0.287091778312699,Moderate,1,1
23,9,2012,0.7865444486131103,-0.4082516688569661,-0.5324458349102886,-0.3816569059723695,0.7791583164024147,1.1901617658085386,1.3910597921051546,0.6651779735243806,1.3599062960787678,1.0995747892639212,,0.0003566787195501,0.2515519533846433,0.7981864519510786,Severe,2,2
24,9,2012,-1.6992542639835284,-0.8813007756183417,-3.383891297900925,0.6188029446348129,-1.155187769805783,-0.2248356925622987,-0.4484342610219389,-0.9992063097293564,-0.3373826604290725,-0.8936262047425136,,-1.8013896604189443,-0.1615145806933818,-2.0680347194562567,Low,0,0
25,9,2012,-1.1468545500731642,0.5378465446657851,-0.1760151520364591,-0.3816569059723695,0.1436872194892527,-0.0712073970820364,-0.280251947593176,-0.5650191054022946,-0.1824434195860332,-0.5434692733630049,,0.0003566787195501,-0.7331093521743249,-1.1750200676549885,Low,0,0
26,9,2012,-0.5944548361628,0.1999543255505168,-0.5324458349102886,-0.3816569059723695,0.5277631571840212,0.1066779976845831,-0.103660518492975,-0.0584673670207225,0.0147519778505622,-0.0721041734290506,,-0.025907845174597,-0.4638002771496498,-0.6244164307583795,Moderate,1,1
27,9,2012,-1.1468545500731642,1.6866800896576974,-0.1760151520364591,1.819354765363432,-2.56579394097566,-0.6614634797167287,-0.8709923235117056,-1.1198138664868738,-0.7388161480678564,-0.9474965018778227,,1.2505480160809546,-1.0751628325217573,-0.9511359425250188,Low,0,0
28,9,2012,-1.4230544070283464,1.6866800896576974,4.814014408197154,-0.1315419433205739,-2.230600395351135,-0.9040344725803008,-0.8730946024295652,-1.0474493324323633,-0.936011545504452,-0.9205613533101682,,1.0220466582018743,-1.125464814925791,-1.2593618970218468,Low,0,0
29,9,2012,-2.2516539778938927,-0.5434085565030734,0.8932768965850293,-0.3316339134420104,0.1297208217548973,-0.8393488744833483,-0.7196282414258192,-0.7338696848628186,-0.8162857684893761,-0.8532234818910319,,-1.7436077078518208,-0.538608353545393,-2.6186383563528657,Low,0,0
30,9,2012,-2.2516539778938927,0.1323758817274631,-0.1760151520364591,-0.2816109209116513,-0.7361958377751265,-0.8797773732939437,-0.6922986154936451,-0.8544772416203358,-0.8374138467861542,-0.8801586304586865,,-1.113259134392289,-0.8425161639030992,-2.4869418121587663,Low,0,0
5,9,2012,-0.8360925397689755,1.5861960314989836,-0.8389593688374208,0.17696831080369038,-2.5118501967693097,-1.0368380232406582,-0.8798176424843037,-1.1225953137360538,-0.9908930554865016,-0.9342711575200764,,1.324857693675409,-0.9537803961858248,-0.6478384051407055,Low,0,0
11,8,2012,-0.7887773089486027,0.9368402147017387,-0.17885224664690816,0.13371797873570024,-1.4221809643308052,-0.8816842090750152,-0.8686971412434499,-0.9676465264481932,-0.9225517382531208,-0.9083460553460285,,0.7004174906994971,-0.7616173359990674,-0.6349749626599988,Low,0,0
1,8,2012,-1.377047767234561,1.0699782439557355,0.17051174574533806,0.06731027895686359,-1.658704689313355,-0.7014750857558825,-0.9037487343452025,-1.005589378584874,-0.7448657304098905,-0.902100671282771,,0.4317529738691845,-0.9538089741823463,-1.2898064358476142,Low,0,0
22,7,2012,-0.4863813635562872,0.1124802975169517,-0.4024278364657646,-0.3628095957077908,0.23572940685394655,-0.7747382623785858,-0.7062257457537892,-0.4828694580009031,-0.7734215843130225,-0.7104635521020858,,-0.04155841077514159,-0.40801850458873984,-0.4918176745173317,Low,0,0
22,8,2012,-0.8631590739150103,1.7875834175453036,-0.5405032004773419,-0.08062537688782909,-2.895627187370607,-1.0762452739966744,-0.8545146544179878,-1.139523354595114,-1.0612992283085119,-0.9579145828800879,,1.5278830872140032,-1.0294253591958598,-0.6211860890679288,Low,0,0
24,8,2012,-0.4616551539714478,0.44681746166841824,0.1303117602672216,-0.22910518768116372,-0.45901363479831275,-0.8948979273252219,-0.4559922188282611,-0.7979589066398807,-0.7723305361408834,-0.8636579223638199,,0.31713763130317185,-0.5166164692265385,-0.42007315560622704,Low,0,0
9,8,2012,-2.3763071963961795,1.1041766691024226,3.07168095932039,4.647923657567555,-2.1983367579812305,-1.0696047310019299,-0.8812607477157071,-1.0692127296621674,-1.0386962527993573,-0.9220853836454544,,-0.28157929300613754,-1.1473018488985962,-2.4586033008450645,Low,0,0
11,8,2012,0.5925674108663838,-1.3077859247585402,-0.2741720282225943,0.5147728898890336,0.17338167266537663,-0.26431429780208243,-0.8910903406135952,-0.5695840554285574,-0.40692661295939475,-0.6276034076609222,,-1.3401987971424054,1.1252901785968543,0.40573334826835733,Low,0,0
30,8,2012,0.7966764321054334,-0.4582141292581487,-1.400073490376037,-0.24344323112832625,0.30764457349119945,-0.6194580220170159,-0.6503788091743875,-0.5545517120388642,-0.643779771647746,-0.6766711924933535,,-0.1176863437986581,0.3243332482772307,0.7077024479948413,Low,0,0
26,6,2012,-0.631481564140114,1.1051669080307838,-0.1716725400147778,-0.35464210447198335,0.16879586996963614,-0.7789086149446791,-0.4119704602210473,-0.5143389423595323,-0.6555062200709444,-0.6752746551775556,,0.8739766594726354,-0.7681956631942787,-0.540967268104395,Low,0,0
2,9,2012,-1.926421811229188,1.4447412625216236,1.9595126928107451,2.3088384364151064,-2.3278478399563336,-1.002047099689124,-0.8919518976285464,-1.102461656352574,-1.0286642881906132,-0.9480117604366682,,0.5338506353333707,-1.1738469472962092,-1.7384559678404476,Low,0,0
22,9,2012,-1.1291255699652687,0.8227689167808373,0.1290256067034806,-0.42434164767114124,0.30377225179234585,-0.7345289123513095,-0.5245276847245496,-0.39474914295629043,-0.6710393503446943,-0.5870197663222708,,0.3239931187183159,-0.8370572522075064,-1.1046651193034438,Low,0,0
26,6,2012,-0.6133801574184958,1.2019257451193777,1.4753770937801114,0.11631289913206978,-1.2316041935957598,-0.8632164462755357,-0.7667346585567661,-0.8567221303263604,-0.796382004775419,-0.8894151324803791,,1.073535828407721,-0.7836283866017807,-0.49059756194703424,Low,0,0
18,7,2012,0.016575861026157553,0.05338398635086048,0.5866444806570186,-0.3096278761872744,0.3165412907075198,-0.4302455825329858,0.06374572750882555,-0.4086306356363315,-0.268570717670452,-0.4359903031985631,,0.13101459620373723,-0.2596991673390412,0.033357158172536205,Low,0,0
20,9,2012,-2.164949189139685,1.474938540227318,-0.41477624688771714,0.20820606210039966,-2.625903418263843,-1.0810220809368905,-0.8921325793860058,-1.1198124279044883,-1.07464865688325,-0.9452672777384906,,0.23705482838814404,-1.248980910850592,-2.1219382243050027,Low,0,0
1,7,2012,-0.8192976841361772,0.10474275706705202,1.1881048505887846,-0.07526049217623246,-0.73574783534109,-0.7604542208483829,-0.7076468041884296,-0.8009652184571946,-0.8019382291681104,-0.8763842308925329,,-0.2903644960475908,-0.5404641148400833,-1.0086415814977505,Low,0,0
1,9,2012,-0.2008734138951426,-0.39928365754869455,-0.21711296827586635,-0.17078570092979534,-0.004780356487275594,-0.7887955668510225,-0.6424816586998572,-0.5768156458073584,-0.7875006308739043,-0.7920118820417125,,-0.40652611168248076,-0.02713696803218906,-0.3298921388943797,Low,0,0
2,9,2012,-0.6195139540905384,0.9623183497941401,-0.18361978866466844,0.037110318547381435,-1.4910850244397813,-0.987551616672894,-0.8575181090204094,-0.9785062983119158,-0.9602882545741037,-0.9090534346037262,,0.8556800198814718,-0.7671195167067375,-0.5206150034470154,Low,0,0
5,9,2012,0.524920786975038,-0.8834038244295371,0.22127004108337017,1.3916265083615753,0.028420625014293183,-0.48258354393727676,-0.8716211112558043,-0.6351513975931414,-0.569484850690207,-0.7414481074787396,,-0.8408241155472022,0.5967828234252246,0.4197221498317177,Low,0,0
31,6,2012,-0.3061094399524682,0.4769582037583398,-0.641143091598083,-0.37547826337228113,0.18471720387606227,-0.6715381194070831,-0.5061412836531862,-0.5298995773812927,-0.6469993948403738,-0.6648603794088783,,0.48808354103930934,-0.5249725492629731,-0.34604847254632487,Low,0,0
20,7,2012,-0.8622883194583729,0.534908988202366,1.0271205366676202,0.10026599176369641,-1.2619515497003742,-0.98839354065682,-0.827376295084408,-0.8708779260280802,-0.935874280809355,-0.8828024944942817,,0.21366006824711292,-0.5879606204252512,-0.7652812979591282,Low,0,0
25,8,2012,0.4989487494111627,0.06810510761279626,0.7619651682499831,-0.12153406900050201,-0.07602985161958035,0.07046993058638791,0.01836048080157908,-0.6108896660422585,0.06748677337938011,-0.5594206325318141,,0.44882036308397744,-0.14532778623980105,0.5165970231278656,Low,0,0
10,9,2012,-1.3936926824277962,0.9246721003362298,0.5773172167889764,-0.12436997003318566,-1.2397532453117366,-0.9767529468102425,-0.7856432295081193,-0.8801798960288287,-0.9220120474038495,-0.9126708965361247,,0.2650968918152531,-0.9296750116344051,-1.3826001467340157,Low,0,0
30,6,2012,-0.1853722608325268,-0.3193128808729571,0.9532178761527202,-0.13028911852205824,0.1605917339357751,-0.4277204541019979,-0.10620055736205675,-0.42839215543113,-0.3035489590032452,-0.49019549322195277,,-0.4061199435983585,-0.02627754739684672,-0.28445178119607006,Low,0,0
7,7,2012,-0.8529974255875947,0.28695274772428453,1.1895551064479257,-0.044429466488355114,-0.7272997179260214,-0.8100916085645327,-0.7713672502712803,-0.8012463908644506,-0.796913855296013,-0.8622530685557968,,-0.09048627054420039,-0.5266643237634677,-0.8837352861975571,Low,0,0
28,6,2012,-1.0956572585867992,0.7932550236379954,0.27157904318876114,-0.4114937250244674,0.2880544654923074,-0.8262486477231391,-0.5693973241246827,-0.3909933842655257,-0.7976335525435849,-0.6417644112878009,,0.42933479112358275,-0.8223522500895709,-1.0283745653545895,Low,0,0
1,9,2012,-0.0678270662909325,-0.562831276139604,-1.5756327835684922,-0.11138735455012541,-0.22324626628202335,-0.5507748826184716,-0.4247490784337918,-0.8153514359832134,-0.5374383310066271,-0.8410875514162686,,-0.6154329568245785,0.12435700378698379,-0.20308164782800298,Low,0,0
1,9,2012,-1.1166574798690798,1.136638810419397,0.8259737245757637,-0.41614922554967965,-0.3603333150808896,-0.03499149590547827,0.49445454633388763,-0.6904873731704134,0.20112849475501304,-0.6015773333474699,,0.6845244319111163,-0.8743024946517024,-1.0285264563205765,Low,0,0
3,6,2012,-0.2559153582598828,-0.23379805859888608,-0.0466778695974563,-0.39557490351765334,0.1916211290424297,-0.7856809775751857,-0.6936799902984144,-0.37232271816080476,-0.7300707438429097,-0.6495697006758248,,-0.3662491558586783,-0.1863188209060339,-0.378917672714705,Low,0,0
25,6,2012,0.461305927819589,0.08440379455208363,-0.9192159839828254,-0.13463018225171994,-0.47638136062565134,-0.5972790956579795,-0.6574593378745339,-0.825928522632835,-0.6377664835216246,-0.8410426658505908,,0.46291237529562856,-0.20071366137096408,0.5390658800321149,Low,0,0
8,7,2012,-0.5767983401103515,0.8049693471342549,0.6618302829125249,0.15883587093237653,-1.0191956863176357,-0.944585669757755,-0.8319430859717972,-0.8643373795095936,-0.9503258665943817,-0.8885775591317078,,0.6847483701046714,-0.699595093024841,-0.5450325003024087,Low,0,0
14,9,2012,0.4588832824099774,-0.031212534208459958,-0.9055374510325721,0.5387518866587283,-0.3477146298486942,-0.5939066247486604,-0.6673829666570038,-0.8323418392502955,-0.6347063565182062,-0.8496169870025823,,0.4018367553452399,-0.08711074951405953,0.6176355816798522,Low,0,0
15,7,2012,0.021893762072735343,0.3173186244819363,-0.451001849773404,-0.3756908269015232,0.4523281518235329,-0.6609514898840333,-0.528855205831228,-0.24280340033818595,-0.6151551805891718,-0.4896082461696862,,0.4408303464070912,-0.3632682408749856,-0.03162185827255708,Low,0,0
25,7,2012,-0.6086708245443456,1.092168141233962,1.632985031472432,0.08543766662431547,-1.4249587507206876,-0.9212732718654253,-0.8367778249350771,-0.8819981439737542,-0.9311662850526777,-0.9123851106022941,,0.8479398225429919,-0.8075925315759896,-0.34311271752728106,Low,0,0
11,7,2012,-0.47670548521843525,0.8287855859138522,-0.31722292493751664,-0.014514011964981066,-1.4226238873495534,-0.9555441604430184,-0.8569783937788373,-0.9578158984064074,-0.9785809148575433,-0.9076108419536233,,0.9149414700964362,-0.7431876344879921,-0.42399969137282273,Low,0,0
1,8,2012,1.7203691135978567,-0.029972114668812815,-2.0798779622997965,0.10983425800180101,-0.12234656319565143,-0.2707102897154475,-0.667243993700081,-0.7881785305077202,-0.4127710588547531,-0.7801295883127319,,1.004490962223738,0.23717250518980157,1.819826012497208,Low,0,0
12,7,2012,-1.7414102648993184,-0.3715989145813438,0.12963748228267832,0.00670678143120192,-0.6032497117436081,-0.7282043486964005,-0.7908687398034915,-0.8159883094750977,-0.7697333080110873,-0.8536762253103752,,-1.2263996323723532,-0.45506783983803484,-1.9353644083408899,Low,0,0
9,6,2012,-0.8746658295017234,0.6098731091280415,0.6497062562645317,-0.34430374524645846,-0.7211239518183494,-0.9852893794355132,-0.7131633204957756,-0.7965365997602042,-0.9256377821446391,-0.8813137399220448,,0.3165401435679859,-0.6777115774808011,-0.8578748984046375,Low,0,0
23,9,2012,-0.6086858872930517,1.0920341686945347,-0.5363088874627681,0.24592448756088361,-1.816020763306736,-1.0169713288886273,-0.9115846037374794,-1.0096196921870522,-0.9747969610156618,-0.9301744987476237,,1.078810283609704,-0.8944419119447468,-0.5194022311598504,Low,0,0
24,7,2012,-0.44745013925485716,0.21238712705620652,-0.5993082559082168,-0.41558465135308276,0.014958243473914534,-0.853515009610487,-0.7311472271086603,-0.6873091694916824,-0.8111626313318896,-0.8521583499807022,,-0.09469936416630567,-0.410736100276095,-0.5354049622158726,Low,0,0
3,7,2012,-0.41548007124993813,0.09737834555735238,-0.3770621457862378,-0.19853139659624439,-0.21495241860263323,-0.794079512947428,-0.5558641612542421,-0.7378485637212815,-0.7276584264856409,-0.8560060202289927,,0.00056406557822394,-0.3605646653429903,-0.3464170620512475,Low,0,0
25,8,2012,0.6284338218323626,-0.9508781632881659,0.12081376089677272,1.2678742476847567,0.04057821172751282,-0.4831352177053563,-0.8480109546593814,-0.5797351634155276,-0.6022717567544675,-0.7099898239469703,,-0.7111934703833467,0.6287315834541544,0.5481948186512452,Low,0,0
3,8,2012,-0.6254428809863855,0.1594845140213007,-0.28416742546525253,-0.40807587205085033,0.09406481096350416,-0.7579005523829201,-0.7084857579680722,-0.5038061210355894,-0.7861518503431829,-0.7215323095491696,,-0.08167581160151513,-0.43431627441830445,-0.5226012918763642,Low,0,0
20,6,2012,-0.886190258981611,0.39912808652471055,1.2846702195614994,-0.27865030222176634,-0.48186190944835255,-0.8008957990373731,-0.5533817698576176,-0.7356340188162103,-0.7396385898985672,-0.8542903880381676,,0.058523112141144265,-0.6022506866316704,-0.9339556483801204,Low,0,0
13,6,2012,-0.9548191325154155,0.36692079436337144,-0.1770131788998474,-0.4030040464660105,-0.04031136694310379,-0.36645617219351306,-0.39732545887597115,-0.6677590049180847,-0.38687964694862786,-0.6643189698447329,,-0.08510300167324518,-0.6217539094857981,-0.9508777310765736,Low,0,0
10,6,2012,-1.9369608506978875,1.6183416072221295,-0.5445445411669523,1.086910524701825,-3.1333870998466016,-1.0871920647678903,-0.8701869373654239,-1.1285823486906001,-1.0316494734338517,-0.9522889184228874,,0.46682058522016473,-1.2169024020966086,-1.8543825446853461,Low,0,0
15,9,2012,1.0431812816159656,-1.22279741786912,-0.32459124966732694,0.27189889881215584,0.1100184406443149,-0.5818202626338288,-0.8480494211560017,-0.5121117254566242,-0.6745344019204804,-0.6503108362264554,,-1.0185681003214646,1.1498356037971453,0.9335173487105497,Low,0,0
10,8,2012,-0.7097548002308177,1.6615576724618413,0.12867111507107268,-0.2229085581500704,-2.817054386908865,-1.0964136339029058,-0.8705534130856097,-1.1203480589322563,-1.0910429046433885,-0.947607593637476,,1.5826622614342536,-1.042102993945601,-0.5885847570250557,Low,0,0
25,9,2012,-1.3179301887929822,0.9324550952884867,0.34272559898849864,-0.5165520923922894,-0.9139278846887634,-0.9850156003332294,-0.6957654963229339,-0.8374400056773326,-0.905437131250594,-0.8906399000471015,,0.29451021534351973,-0.8803653213200366,-1.2329519103174327,Low,0,0
30,8,2012,-0.7996869092158444,1.177451822575007,-0.4131967743153646,0.5660801818277206,-2.0046436633757185,-1.049923336219797,-0.8510445833723406,-1.0355156551595714,-1.0119936740992082,-0.948290229416121,,0.9444089903982192,-0.846230548203286,-0.5931550541820182,Low,0,0
26,7,2012,-0.005396685612014757,0.6439633803941064,-1.2623132454494843,0.05731189436931694,-1.2942747675175763,-0.9606855965259069,-0.8345004784260338,-1.0046147710320337,-0.9637975222809496,-0.9108882531093621,,0.9392959460486454,-0.4746341394386374,0.19545488219039037,Low,0,0
14,8,2012,-1.1760381529746653,-0.7317292308037155,0.599513323677948,0.13484772011846963,-0.43579104505927674,-0.524683573499466,-0.8158385622813864,-0.728826703835767,-0.6449918313130952,-0.8032685621506822,,-1.3260058884858417,-0.14028082187365676,-1.510131394691556,Low,0,0
16,8,2012,-0.9274257617645403,1.1097613010489031,-0.8892482894658421,-0.264476276859214,-0.005394804019948712,-0.5495742313954877,-0.21597692478249414,-0.6711505692984406,-0.44161088424708944,-0.7476781995932827,,0.8260847925877033,-0.8865604581438282,-0.8107047052816541,Low,0,0
14,7,2012,-0.6767419446953735,0.8602481142551821,-0.4758640123706621,-0.312607514831402,0.19083901856925448,-0.6667558287021288,-0.5947363826958294,-0.6072272179104017,-0.6572232526201202,-0.7326897229236974,,0.8026282201331567,-0.696969899372094,-0.5010333805429873,Low,0,0
25,9,2012,-0.15231286836492636,-0.13105137402518108,-0.5652853009720865,-0.36517168017799473,0.4497809795761656,-0.6148572375188452,-0.6098558572995578,-0.14274248020997096,-0.630062990364727,-0.425810405680554,,-0.20912082743502974,-0.17787526125627873,-0.13678246079321216,Low,0,0
18,9,2012,-0.8772387638118998,0.8460167549671042,0.014044517379675159,-0.3797592671511706,0.2353257290492146,-0.8523334996785799,-0.46703835610856537,-0.4752576536166411,-0.7500237394951572,-0.6584218295326143,,0.6192345080628375,-0.8107474841689157,-0.7731296998681938,Low,0,0
15,9,2012,-1.130797067586538,0.31350177533653667,1.1664991557778455,-0.24846992127585937,-0.13491763038211843,-0.840604028273947,-0.7048652580545859,-0.642411616589716,-0.8322451749334996,-0.783883847657829,,-0.3190775248905704,-0.6432221191177174,-1.2429148123605114,Low,0,0
13,9,2012,-1.7883582020805637,1.1508312267359906,0.02725777540355562,0.9939988637316024,-2.268484974452146,-1.0103299799795482,-0.9272757169148385,-1.0856106239266181,-1.0264873718440937,-0.9536728342693421,,0.15125615389365518,-1.0682935981902224,-1.8513286394818513,Low,0,0
12,7,2012,-0.8207297048533321,1.7301796368529276,-0.8029106219477361,-0.3634781129952438,-0.32693497831585516,-0.8838046331543357,-0.6389835239319619,-0.7716030803831163,-0.8755342675369506,-0.8066111975258354,,1.603619540455041,-1.031963534671404,-0.5544401536065375,Low,0,0
18,6,2012,0.2140023198508747,-1.0943248934669765,-0.5144886704415823,0.339165753073894,0.08592108228969615,-0.5405001694008046,-0.9238241747281495,-0.705496519946456,-0.6492064843590206,-0.789499683592779,,-1.1135417918837693,0.6320205008738499,0.07725986954022541,Low,0,0
22,7,2012,-0.6713909883670144,1.443274405705213,-0.417477922213333,-0.1778022828368216,-1.8338897325039436,-0.9304524772444405,-0.831647072520501,-1.0517603273079856,-0.8988603809818245,-0.9302749623103721,,1.3073932715048715,-0.9015449611273053,-0.47860522752367674,Low,0,0
14,8,2012,-0.2544715146509948,-0.04708627797730407,-0.47633545534981975,-0.24925977224422158,0.08685935024384131,-0.7205573862925619,-0.655325355496076,-0.6930994027876407,-0.7511151482789823,-0.8284559750467543,,-0.09981388508245669,-0.28734656380911755,-0.32460711300661893,Low,0,0
26,9,2012,0.2532020079821899,0.11959723562035209,0.20168165038300745,-0.06922299347188893,-0.04443970054093419,0.19200025260498557,0.24658615564855427,-0.6160474193519144,0.189751062407711,-0.5251872268157227,,0.39185000203002446,-0.19860213760405962,0.3275862540787733,Low,0,0
26,7,2012,0.07921309801025159,-0.9911826207808617,-0.7451069192894311,-0.11181916437819293,0.12002478335098302,-0.04772589375993815,0.1731307086253164,-0.6874581582525545,0.06248237327976714,-0.5480043577230688,,-1.1645944923814848,0.5206178343025071,-0.173431176768288,Low,0,0
14,7,2012,-0.2879936517452781,0.4422525556403776,-0.509258731952531,-0.276255007706686,0.2757894823871648,-0.7205237051468663,-0.6063181479704528,-0.46042597554507037,-0.7161866362467685,-0.6594557222203622,,0.355707513238595,-0.4928109173902955,-0.3488180747941756,Low,0,0
29,7,2012,-0.4753081816303303,0.7127004277562672,0.4800364706353267,-0.11765619313947002,-0.8436543682982485,-0.9648518551758203,-0.7178617375998352,-0.8346854769814994,-0.8969684195609934,-0.8970806331588181,,0.6252361408176361,-0.6203331706107998,-0.3901688190886136,Low,0,0
6,9,2012,-2.0871787851856176,1.1902803371055444,-0.3960275375875495,0.14545658193795388,-2.2250793700410356,-1.0393782552227437,-0.8508657651721389,-1.097146454515462,-1.0320265159384252,-0.933170806181407,,0.0007928440113988897,-1.133301583657404,-2.0727007576978678,Low,0,0
29,6,2012,0.008519409874453196,0.9277034775615846,0.5370163107642758,-0.30336978663218206,-0.08407170536379649,-0.8639332342886652,-0.5403406008516424,-0.5958599745860459,-0.813591164783168,-0.7606782186639999,,1.2261834255237605,-0.6562016685378514,0.1568889664958959,Low,0,0
10,7,2012,-0.6070670662722089,1.1035029471661228,-0.2133300748438079,-0.359500881808272,0.32702319931787954,-0.5641732414929334,-0.37520032919239443,-0.39633408658690544,-0.526933026539782,-0.5377514842015851,,1.0452379055051784,-0.8106231690168809,-0.39598289514444474,Low,0,0
18,6,2012,-0.18103171281662792,-0.11547108928262009,-0.5624453332474593,-0.38174769107348044,0.5258256794769448,-0.6104660674775599,-0.5988651301564016,-0.12125440878182012,-0.6518093169012311,-0.41430195413326915,,-0.14682669258734926,-0.15340862219710205,-0.23890157567260054,Low,0,0
9,9,2012,0.8115337259324248,-0.48073545712871346,-1.3415335240230997,-0.2795073966849921,0.004690397771509832,-0.6474841121921264,-0.7337367028428344,-0.7562179829475928,-0.6975808967143193,-0.8338031639585018,,-0.027869354231087627,0.28012078640214555,0.8128461226455672,Low,0,0
14,7,2012,0.8137859010955215,0.013433599641567949,0.7586111920477285,-0.12543095229301843,-0.029386129357337358,-0.02846415985720261,0.7016171695917711,-0.5491837894969746,0.13969300099874468,-0.45508526724272863,,0.5262675310193685,-0.025282676446227455,0.8817921689402338,Low,0,0
11,6,2012,0.7607651590665141,-0.5045532829649539,-0.8073140132978857,-0.2437989303449586,0.16352150164260015,0.22266535295510936,0.6935165023171617,-0.5936367036790038,0.42089959767996005,-0.4249730861293374,,-0.2466453088169846,0.291949653705549,0.5978371806244259,Low,0,0
22,7,2012,-0.419574883716243,0.27504107860236526,-0.5697268757192406,-0.3017164941041026,0.25171880900009463,-0.8144499968491131,-0.6165891438795572,-0.5242628348008493,-0.7592041218230345,-0.7194959090924983,,0.16560489928834082,-0.4467659280953521,-0.5090367537722078,Low,0,0
3,6,2012,0.749949039914272,-0.008206781320548147,-0.6517256297939461,-0.12290582175087889,-0.07699761431836948,-0.7442881780560342,-0.8349029273471275,-0.7325176572278242,-0.7865949604654922,-0.8293342114013055,,0.45671895435851817,0.04033862975653078,0.8187426134643688,Low,0,0
26,7,2012,-0.6289876128786408,0.18345949138562706,-0.5429118235621061,-0.3992679606620735,0.11281820954469211,-0.9137646963758087,-0.7157920152428158,-0.7061537248340798,-0.8869771943296259,-0.8394695957715368,,-0.0619356701161875,-0.42202699134488303,-0.6335710726030226,Low,0,0
29,9,2012,-0.23203390390742115,-0.6917990960424755,-1.2743598861048484,-0.16247514620480508,0.08194509006525952,-0.7094788709072721,-0.7582000051618691,-0.5923668714911817,-0.7126072099090199,-0.7471632248698393,,-0.9031713324267866,0.200129112188342,-0.34603752736294746,Low,0,0
18,8,2012,-0.394929509893883,0.8817327476489631,-0.8876060583552509,-0.3298101283937839,-0.20572978423119484,-0.5087222433376999,-0.4754480524249107,-0.8060938463339021,-0.5245926648680294,-0.8296277152598751,,0.9166134286571666,-0.7446326141342464,-0.3251799331021344,Low,0,0
17,9,2012,-0.8531794087060258,0.0708133736430333,1.1445145828851249,0.03338317987749877,-0.8348786445476408,-0.7884579807508428,-0.777752299227626,-0.8003992219606025,-0.8395373954664174,-0.8666161656475464,,-0.3531102802997571,-0.48290419229937764,-1.0077814320673453,Low,0,0
22,8,2012,-1.2120333397713505,0.6895246866208169,1.249103025000071,0.08400110461248941,-1.4299390903405143,-0.982996514853086,-0.8466708966094877,-0.9203598374930142,-0.9456303492411866,-0.8917887131945408,,0.09809158104488264,-0.7566714000718038,-1.0903199868366704,Low,0,0
7,9,2012,-0.8425116655798958,1.642127860051386,-0.8576295180012324,-0.4678716089281671,-0.32230205449317156,-0.892795297483332,-0.611882694526131,-0.7765149971877926,-0.8429913152827565,-0.8280070096599961,,1.376402434752694,-0.9158998916771186,-0.5703525307972601,Low,0,0
24,7,2012,-0.5300160991743379,0.6933435022289557,-0.6831320673068024,-0.47148750366280107,0.09947875577208244,-0.6621107285401834,-0.6720215348247717,-0.5114411289122431,-0.6649637471142582,-0.6779113109183161,,0.6504450500170559,-0.6406184042483163,-0.483852067191644,Low,0,0
7,9,2012,-0.06861270821384238,0.49853783817096753,-0.7562952805515845,0.15708031115248142,-1.0776684983989986,-0.7360295999901632,-0.8511723560840782,-0.9175816340406936,-0.7859063897970339,-0.8857941438894491,,0.6816146354669197,-0.438176461578531,0.11942641158799189,Low,0,0
21,6,2012,-0.003994490739346865,0.19741231594372216,0.5962222564565285,-0.11283589082705817,-0.12065207869716038,-0.1708287417981493,-0.05897057122267387,-0.6683779673595811,-0.11154256489117904,-0.6122560683859537,,0.277234181159844,-0.3357097913597976,-0.08270037782614917,Low,0,0
10,7,2012,0.6807569376475885,0.3040786985366715,-0.027462463569221447,-0.0293549003962624,-0.17556534795578696,0.6664764216328973,2.0107415813285616,-0.6981912312019372,1.1114992725904607,-0.4098308132510501,,0.8416786230360109,-0.1352423151914613,0.8351600280920807,Low,0,0
24,8,2012,-2.2689221173017264,-0.4310183378175313,0.7043067812205694,-0.32292890563011184,-0.023632072438084902,-0.8169863590256896,-0.7066945026224611,-0.7540761381083191,-0.7963497594007374,-0.8770449706969862,,-1.7356655825063574,-0.560009342864054,-2.5968574323942115,Low,0,0
25,7,2012,-0.2445150945459003,-0.8107881229879053,-0.3556648371014572,0.21664831299760617,-0.17754076723465917,-0.4930529894670089,-0.9145835576439395,-0.7415103456180914,-0.5750191904201163,-0.8407726843125765,,-1.1707978002915107,0.2978184402750414,-0.49159396582924886,Low,0,0
7,7,2012,-1.0433957541457124,0.40112128969269284,-0.27559592901595964,-0.39802595075599206,0.009697763580893859,-0.3663815233134811,-0.4235922025902964,-0.6211071248250832,-0.4283258953259535,-0.6619418654101576,,-0.008639039233919586,-0.6317532351387317,-0.9410948521846852,Low,0,0
20,6,2012,-0.5484142867484086,0.9586187557575834,-0.3318810270045488,0.11592457719634647,-1.497699356933117,-0.9994192515287575,-0.8648206386582286,-0.9909575967695706,-0.9724155165961803,-0.9089669431879314,,0.8905417453780293,-0.7870372511078303,-0.4236551421465592,Low,0,0
16,6,2012,-1.645091430736755,1.2243546671116852,0.19576399990945237,0.33909584312624835,-1.8786209854585794,-0.8381888139015187,-0.8641578108822413,-1.0175442378644948,-0.8863571035982517,-0.9312545953580215,,0.38531229603148787,-1.0215168174046443,-1.5740485378856337,Low,0,0
10,8,2012,0.8015972784410819,0.1561695334656023,0.8979082478093703,-0.24879740213559554,0.07061663764281376,-0.22621582575657995,0.1696874935817713,-0.4991591462327352,-0.049444789759329574,-0.4943321975065175,,0.7937165069974262,-0.13180289669269493,0.8945704125952505,Low,0,0
19,9,2012,-0.40200478721204197,0.7557315062180823,-0.32092476795151226,-0.12387316540250072,-1.3443245420321388,-0.9620538948917358,-0.834244412401343,-0.945456963901838,-0.9317445150523533,-0.9271600013082438,,0.8421609160225534,-0.6697901316078156,-0.4107579070198296,Low,0,0
31,6,2012,0.8121545868804139,-0.4863304519615532,-1.3226305014287256,-0.12502570176298347,0.17516458610720526,-0.7125439009903838,-0.7465613366537038,-0.6471114267845516,-0.7513484329678182,-0.7573103997825877,,-0.0645881452665436,0.28450669220602665,0.7975226025991666,Low,0,0
1,7,2012,1.0019781130491163,-1.1634460798363082,-0.5061801036386975,-0.4181009922311349,0.1515592111691894,-0.7469632697672888,-0.8354724101587508,-0.657628269484884,-0.8387426071169072,-0.8091368658889676,,-0.9475639416143209,0.955499165723286,0.7965033742013923,Low,0,0
30,9,2012,-0.030269290147979445,-0.05094152812624704,0.8927771287160572,-0.24266800594374882,0.061556962305940696,-0.34616096672405733,-0.08339406571409376,-0.4784402456370666,-0.23763015272147903,-0.5332331391629505,,0.061510786962431924,-0.1553080775022823,-0.01597263784132752,Low,0,0
27,9,2012,-0.880299051116507,1.6836075102615151,0.004614630014844356,-0.2264476508264195,-2.357952243711082,-0.9087147726682365,-0.8469818079750671,-1.0938529800468064,-0.9262522670317749,-0.9403359757494565,,1.4193821475984743,-1.0443109429849065,-0.72430339192229,Low,0,0
17,6,2012,-0.8909183992731724,-0.19558385171353637,0.9982758907828939,-0.1604890161611121,-0.7904957867006926,-0.8220638095789913,-0.8350125224695046,-0.7874859794374812,-0.8553787041702986,-0.8642013151541954,,-0.4099467644988166,-0.3499459574449137,-1.0005690794282485,Low,0,0
19,8,2012,0.25762818246685765,0.17558332548221836,-0.09278318940756972,-0.16182389578094075,0.15386764979360937,-0.049412194089145406,0.2514453217931552,-0.48779202562450547,0.04775484814251548,-0.42989270680506697,,0.4308446816337377,-0.2752144792400351,0.3181857738823847,Low,0,0
12,6,2012,0.7272993918222763,-0.7017117749840804,-1.3231196056036818,-0.3963786656454531,0.32977563790420955,-0.1945056612731179,0.03107773731596404,-0.49915323731815137,-0.11902902834894633,-0.45674370015412774,,-0.2367318912675997,0.39633768166508343,0.7333588715713902,Low,0,0
5,6,2012,0.26008821102628327,0.22717961131101952,-0.2759798219809537,-0.2976034152921735,0.31392849550534857,-0.30379994241150327,-0.007137707748182558,-0.3035018906200291,-0.18355831315767987,-0.3740889642372588,,0.5141880075770537,-0.2904240631327141,0.2537571124311427,Low,0,0
18,6,2012,-0.02718863191035284,-0.1156666647595679,0.933735771241271,-0.36014082116022855,0.07542885113002434,-0.4133232214046634,-0.01069640480931866,-0.47221012229551435,-0.2808382113908362,-0.5095089275841606,,-0.10449849174847883,-0.18959384594688639,0.034608289955232865,Low,0,0
26,8,2012,-0.12989397594810836,1.035525251704455,1.4196642959987735,-0.17188555131506866,-1.0536236022385634,-0.9461987051283904,-0.7796948363955335,-0.8444080782589677,-0.9595998478121626,-0.8918152268928891,,1.1101169471254817,-0.6887761284737113,0.012544788527028726,Low,0,0
8,6,2012,-0.5392568078126666,0.4463560646034145,-0.6537521421827983,-0.3414171381779502,0.08086949209004515,-0.7978379612088207,-0.6759344400778498,-0.6784482427572155,-0.7617846039908797,-0.8233242951078394,,0.30027852990774206,-0.6147006279592061,-0.6192051543416139,Low,0,0
23,7,2012,-1.332423744702283,1.185883650398955,0.10741340262600306,-0.29274931158429585,-0.8959592887769259,-0.9115517087622773,-0.7585721430743269,-0.8471733410570814,-0.8507999660799532,-0.8920312891235037,,0.5010583918723704,-0.9978778858196387,-1.3182412266657566,Low,0,0
24,6,2012,-1.1804108259028965,0.7854845383000802,-0.5095666403932951,-0.39116209640881966,-0.04134867902813555,-0.1921807002220533,-0.22437050410455697,-0.6743935322260639,-0.23803239845648455,-0.6496877680380924,,0.18758171289431982,-0.7993647110792035,-1.098299385841738,Low,0,0
24,7,2012,-1.9276610968119314,-0.5906616611101909,0.7847470896527106,-0.24485200027991152,-0.10665325731868466,-0.755695727277583,-0.7437344045002194,-0.7778001498079247,-0.7627747682902383,-0.8382145576426502,,-1.6450316209610953,-0.38483006567786104,-2.2911084114277367,Low,0,0
11,8,2012,-0.42622409616161017,0.5625115640031755,0.4808727973916425,-0.2915310236677516,-0.4420971667822662,-0.8599102945631258,-0.35094848600776696,-0.7261444723863161,-0.7110651712634783,-0.793310739365198,,0.5480186677984485,-0.531695545860649,-0.17817769925950944,Low,0,0
13,7,2012,-1.6164366218683643,0.8026140951094954,-0.006002946225293085,-0.372371166845885,-0.7933229311478712,-0.9164602111964841,-0.7214850896481756,-0.8573618047808431,-0.8894004617273943,-0.8775090906875065,,-0.12007274337857717,-0.9186912123089179,-1.7120818249450847,Low,0,0
13,7,2012,-1.565038247008812,1.2471368033132044,2.187127189600822,4.582112060235585,-2.0746965468546135,-0.9670357961687547,-0.8657215322587427,-1.0458235288265916,-0.9726990904960688,-0.9236221990138368,,0.32721186919033135,-1.0443602858039565,-1.621178807066883,Low,0,0
27,8,2012,-1.0899262244742127,0.10821692761358487,1.125899046954588,-0.36320404003340445,-0.35152757115916844,-0.9693064457328405,-0.7354135276983661,-0.7195881009368479,-0.9122400800987785,-0.8672039753257424,,-0.40149877063457023,-0.5851364632809031,-1.12290035954251,Low,0,0
28,8,2012,-2.257142318312518,-0.15581292460721122,0.34601927868681426,-0.3517573392764647,-0.3297428719946056,-0.8375250901837386,-0.6926152626995367,-0.7995608786812778,-0.8314485105153248,-0.8811597488679825,,-1.4110585827258364,-0.7404296070009552,-2.5167874919209146,Low,0,0
13,6,2012,0.735877524601279,0.022506742177725872,-0.5908663803416745,-0.15955799691550582,-0.1070736879968999,-0.675800765589834,-0.8059251450304,-0.7328507888844871,-0.7603048695634071,-0.8375427194239617,,0.5265490840379856,-0.024969707181679252,0.9043257231163375,Low,0,0
31,9,2012,0.4538198202439139,0.14440171214025613,-0.930133121421441,-0.08132816472481208,-0.5362738040487364,-0.6279535491794728,-0.676715087092756,-0.816693910193549,-0.663839779000136,-0.8487987619894217,,0.47470295802008344,-0.16538530865940904,0.47413748705539654,Low,0,0
18,9,2012,-0.9042151535359157,0.8663877853188047,0.10003957705328094,-0.46308146936418026,0.2489846644537255,-0.8690219882418193,-0.4447442023713693,-0.46780165084122677,-0.7638110881554989,-0.6910177941953459,,0.6279671300148597,-0.794692347499172,-0.8587341259642348,Low,0,0
12,8,2012,-0.48251155131436674,0.8162759016256717,-0.6456135670670491,-0.36828840714365263,-0.07099608167750757,-0.6465920628668715,-0.5620964375197492,-0.7084844763490088,-0.6420742874155551,-0.8041517869595386,,0.7510291312067534,-0.6949169881204779,-0.3293741461952878,Low,0,0
1,8,2012,-1.1637185336167586,1.2117580833642727,1.0025504216063763,-0.2667471616440185,-0.22622399909788088,0.05869376745112875,0.44085226077625295,-0.6672879265213166,0.23359956896928058,-0.5619740290202402,,0.8014538363859862,-0.9544042082332798,-1.0538300001279481,Low,0,0
19,8,2012,-1.1418459712278186,0.834646028427387,0.3559415182007686,-0.3432263442618247,-0.7729246007427172,-0.9742007666439286,-0.7084513078807418,-0.8417974971654864,-0.9317676213202228,-0.8872798488818465,,0.35144468659892675,-0.8132020628690833,-1.0630947573745368,Low,0,0
20,7,2012,0.5781991914588667,-0.6474642422392041,0.16489517359575334,1.6816755863080632,-0.03585192690958561,-0.5070541880514703,-0.7818164977182565,-0.6454170650897163,-0.6313216571216363,-0.7472003434339037,,-0.41592698391623356,0.36579151487050243,0.5059425851325805,Low,0,0
31,7,2012,-1.0848903754427814,-0.036325075460724526,0.9934017514009743,0.560061352328132,-0.8721955964265241,-0.8475873563996253,-0.8323932815000673,-0.8009534744171216,-0.8462899702745226,-0.8659216901896165,,-0.6444753921777988,-0.43348787530709343,-1.2152401149610994,Low,0,0
23,7,2012,-2.11677043445993,0.17042137235522714,-0.17576804324381,-0.25253195320616467,-0.7049989849274004,-0.8706794620281213,-0.7393509892771762,-0.850481339742836,-0.8278533197839303,-0.8954033751603769,,-0.8889905372545286,-0.8516470403148914,-2.3286438678274286,Low,0,0
1,6,2012,-1.6796047249917867,1.30060111780318,1.9305490638936718,2.201509996549558,-2.0316844403558405,-0.8991586740464228,-0.8602608927892467,-1.0498450954019627,-0.9296451998391225,-0.949994387027506,,0.4568659526503448,-1.078662053386374,-1.6010039169438481,Low,0,0
18,9,2012,-2.8949589355785936,1.5621622472152636,0.21932834320817293,4.590873774382084,-3.209252704212493,-1.1156186706816464,-0.8689115041952423,-1.1277830539871467,-1.0994584443493556,-0.9655126876776091,,-0.2050315333990912,-1.3151038309827523,-2.79634698626016,Low,0,0
24,7,2012,-1.2018381945791707,1.6526437041011826,-0.10370157182838965,-0.396419180088456,-0.7827959017794942,-0.7201991505482231,-0.7614192105077877,-0.8489831168719946,-0.7414981181853919,-0.870495905613763,,1.083394301834991,-1.0700659820052956,-1.0056644802158492,Low,0,0
16,7,2012,1.4891044676696732,0.14392670687166959,-1.7500200680208207,-0.030916657940725137,-0.30961209641539866,-0.4172930700196908,-0.777831014137242,-0.8309347019172638,-0.5113426595458113,-0.8542115638084239,,1.1389980244916498,0.08894938879542155,1.7141178129663603,Low,0,0
14,9,2012,-0.7222635944993241,0.1636489269782907,-0.4634835765248056,-0.13352711367795786,-0.5477003424888501,-0.8743778914919071,-0.6185780820687832,-0.82096049887849,-0.8116015836942396,-0.8693378291742396,,-0.1965406435151077,-0.4357617493521446,-0.7914329468931722,Low,0,0
26,8,2012,-0.2717005311469093,0.4094573272381997,0.188572106576681,1.8737968810119268,-1.1368631865859424,-0.8484008210706268,-0.8250787800551952,-0.8660370075597248,-0.9317454057518096,-0.8869627618042792,,0.5322330310366717,-0.4977109198723937,-0.1847747398109545,Low,0,0
19,8,2012,0.7375620302094079,-0.34288696507449573,-1.7725819415375301,-0.2077257704302883,0.07346953276349172,-0.48296099454125396,-0.7316571647673907,-0.7772791120551537,-0.5679404725789353,-0.8285316774721672,,0.01450891942743493,0.22532089800694108,0.7879557811983112,Low,0,0
22,6,2012,-0.26891587232781294,0.07591866411488239,-0.0697378066604581,-0.3333220712493795,0.2781750877267317,-0.702029331804011,-0.5903460254398597,-0.287390474683067,-0.6792931755459031,-0.5430352153681799,,-0.013636593410256685,-0.30610074249377556,-0.48372371580226436,Low,0,0
15,7,2012,-0.8483224966614828,0.9483122278981079,-0.8414735699611261,-0.47723562619103777,-0.12915653655443537,-0.5445890982504092,-0.48291917496872344,-0.7011965114698585,-0.5392116341929706,-0.8133398804030508,,0.6041237792502849,-0.8145558080280022,-0.6973120032660693,Low,0,0
9,8,2012,-1.1654420515238424,1.520740829588087,0.09399995256922372,1.5520798092995556,-2.328391344398856,-0.7400550393241848,-0.9032532418944886,-1.1088402258461318,-0.8163675447802515,-0.9555012910096728,,1.1125279050220371,-1.07549743060431,-1.080085260370129,Low,0,0
17,7,2012,-1.7810485023022822,1.301467817105758,1.9130611370633344,2.5476365888959447,-2.1311225558165594,-0.9636637136238856,-0.9220224402383995,-1.068469273743026,-0.97446718941952,-0.9457464244108886,,0.44077303708734006,-1.1351220587256705,-1.701583280553389,Low,0,0
30,6,2012,0.2046468590171798,0.9581047570756548,-0.34063965809537716,-0.4295306701707505,0.237556076012451,-0.5822623862782769,-0.6490506127937349,-0.5178505963599853,-0.6221166674245145,-0.6663017063257445,,1.460349382776435,-0.589821102569191,0.5307466861141329,Low,0,0
19,9,2012,-1.2340448595246845,0.7516526221228782,0.048553647810683664,-0.3308459401195175,-0.11002606494879726,-0.20963674620103,0.06784381300899571,-0.6597633423723791,-0.18155632558283102,-0.6328900543120615,,0.23142439061576237,-0.8225782332887241,-1.1733838201483555,Low,0,0
22,7,2012,0.3348676159508889,-1.1484954455286402,-0.380028364275903,0.2564848152067007,0.07768738006720957,-0.44048668701278293,-0.8658021729334264,-0.6728513147275264,-0.5173073327545421,-0.7531736891578878,,-1.2525398901938434,0.7783800559133255,0.13195195518983227,Low,0,0
4,8,2012,0.2298065880303013,0.13936668323783472,-0.030130529449315963,-0.23588066693767212,0.12125555472701383,-0.08518515174950661,0.26995534809808436,-0.5004744208369686,0.057423940636163656,-0.4295268065012638,,0.46605153950320977,-0.2725165815006366,0.32499688048256453,Low,0,0
31,7,2012,-0.7684045414049303,-0.16676934516154526,-1.0717463036953518,0.8847402651657901,-0.9503411999978774,-0.8497526750777891,-0.9354146135953777,-0.899998347455859,-0.9099981795149051,-0.8815997572956517,,-0.5597555011536356,-0.29278319610167913,-0.8692915699645151,Low,0,0
8,8,2012,-1.9967572005918646,1.1195016268413291,-0.32520740477115123,1.2261012792669916,-2.372800951163838,-1.0638055247323084,-0.8340289721506275,-1.1236551499031926,-1.0694523532444322,-0.9531336785670217,,0.0011662644084133762,-1.0670551882713326,-1.9894849510193073,Low,0,0
31,9,2012,-0.9632915377376676,0.8736038919538324,1.5056003000186626,-0.3143076404073663,-0.14372271845084134,-0.8684537410685116,-0.4255615202716605,-0.6896711588817523,-0.7771587800105093,-0.8484239726166029,,0.5532812062605003,-0.7744434849768289,-0.8330645839619794,Low,0,0
14,9,2012,1.726498068666506,-0.7945307283978693,-0.5886624142865237,-0.32170173840272254,0.13216419308151656,-0.7205254123412529,-0.8679381873767892,-0.5363730919020288,-0.7535647924923254,-0.7242987530269757,,-0.09969281028566154,0.860048257557344,1.6201583942437054,Low,0,0
29,6,2012,0.4807236465943327,0.5040347886430064,-0.8186430808881145,-0.3150075345347296,0.4906470906789868,-0.5270522752755229,-0.6384888008081522,-0.24542643594698324,-0.5901695276667349,-0.45979752159964654,,1.1130610187847176,-0.36752115183200845,0.6629335531990137,Low,0,0
28,8,2012,-0.5543489501339626,1.1805091325588408,0.8744155674913265,-0.08094668304507328,-1.2006865677304268,-0.8334825856180003,-0.6453512412469459,-0.8806667948368289,-0.7796866393303539,-0.8882985369361914,,1.2134233262225502,-0.8717768459083401,-0.4647726079736601,Low,0,0
24,9,2012,-1.1239953899272992,-0.43962564570724616,0.7508178145776596,0.5565580532400618,-0.7681984466088845,-0.7702548737091708,-0.8677918735586517,-0.8204130891133263,-0.8066753241794526,-0.8576278960876573,,-1.1023669544908563,-0.2684627659285558,-1.3696068703622903,Low,0,0
29,8,2012,0.7658421763029241,0.4115305020031647,0.5608432500505522,0.12141014225047495,-0.3528145534929467,0.8142175268527096,2.1676435592424896,-0.7349166448242067,1.1982836453518624,-0.435788609484406,,1.0817475678068085,-0.24876327059079292,0.840791993247196,Low,0,0
19,6,2012,-1.3525207672980781,0.39985475882526744,2.0091100040857772,-0.2906474547726769,-0.5506946615180447,-0.545391203241089,0.12363453396830096,-0.6995846007271623,-0.33793598630987176,-0.7196685523293118,,-0.36044280670201206,-0.7049883751809473,-1.4871223848219157,Low,0,0
27,6,2012,-0.5791400057474393,1.1298698853543676,1.4655517178642932,-0.05583048729726179,-1.2605435855183271,-0.8493710238838416,-0.6945328786643981,-0.8702052163685515,-0.8096246258677128,-0.8753941809358633,,1.212490477913682,-0.8743643650246132,-0.47176307824073044,Low,0,0
6,6,2012,-0.1977805745758043,0.03143883683781887,0.6872256582189173,-0.24817781595433652,0.004308651342515452,-0.3985434082495319,-0.0990923755547243,-0.5867399353456134,-0.3086634105695252,-0.5933603016876373,,0.06330678139704199,-0.320405123561759,-0.20439869477143313,Low,0,0
3,6,2012,0.28349493878619864,0.0989588135425033,-1.5601963181449183,3.7871454205860404,-0.8406541313346922,-0.8521961704898212,-0.8860900068094568,-0.9215542138592305,-0.8748679053122245,-0.9106909029343533,,0.41116713437222246,-0.20040731925157076,0.33545386029909735,Low,0,0
17,9,2012,0.35660759918256185,1.178080844530459,0.23411948788485376,-0.3111973230512397,0.19954766199861765,-0.628022756914196,-0.45351157390229124,-0.45034078523629345,-0.5825662355107344,-0.6030175518015237,,1.8767127537508317,-0.6029078255630398,0.7203473473890609,Low,0,0
26,9,2012,-0.5383499332688978,0.7093437862636669,0.49995113671405594,-0.0886948642538424,-0.9950121730601647,-0.9804012782240904,-0.7686433318436106,-0.8697027925137848,-0.955579503766972,-0.8860516206343375,,0.6164419275171032,-0.646365119232072,-0.35853160975011683,Low,0,0
24,8,2012,-1.0760095178694264,-0.03131364974156026,1.1386901310902136,0.3968213712980909,-1.1538508662950795,-0.9536589960248785,-0.8617982345965844,-0.8769577240605919,-0.9612105284600494,-0.8747314865941861,,-0.5165030912719626,-0.51731808817557,-1.0964115497353375,Low,0,0
17,8,2012,-0.943521655474348,1.245237512980591,-0.4886414618832485,0.5894480266547516,-2.0971781579628486,-0.9893334597750689,-0.8615697551303471,-1.106300118723328,-0.9585549215902868,-0.9448989574418605,,1.0296645499877786,-0.907127369524373,-0.6714614308181297,Low,0,0
17,9,2012,-0.6880433821122873,-0.5588016862077719,-0.43232746347538265,1.106554414264063,-0.46800132446137155,-0.3147762360673651,-0.8568918982865152,-0.8498048286184631,-0.4681818976875184,-0.8359283191190657,,-0.9897800099856289,-0.0376928606396872,-0.7943617870329951,Low,0,0
19,7,2012,-0.9602241151058185,1.704228379539539,0.862219287492338,-0.5054392054641441,0.1592021936796984,-0.19133806364315922,-0.29625651593394664,-0.49168043200123074,-0.2580859623034576,-0.5191861491538023,,1.4168304404121965,-0.9509660746328519,-0.6427815330246632,Low,0,0
27,7,2012,-0.5418837514972223,-0.5971194888406663,-0.28446607514973105,0.8247442803870372,-0.3718404466867451,-0.22817819092188782,-0.8873193806161925,-0.8186566724256467,-0.4203559513343601,-0.8339766321747476,,-1.0494788961184636,-0.05812579400417371,-0.8100412132510052,Low,0,0
27,8,2012,0.5416809597412593,-1.136922326694737,-0.3651338445446402,0.2911179764554317,0.14556988177713026,-0.49953131184910815,-0.8219116595965041,-0.6022322123521254,-0.5994965172766303,-0.7150722119863688,,-1.1515848431584923,0.8054060675604366,0.3894521830456372,Low,0,0
4,7,2012,0.14562591060802665,0.004247088984469731,0.7264978531481379,-0.19895852832846853,-0.16790491051970366,0.05271897110943583,0.08012107712185924,-0.6790075725857114,0.08824251658087094,-0.6119593250338551,,0.02783915603351557,-0.16190096599463538,0.0879512429011922,Low,0,0
19,6,2012,-0.19080026367321573,-0.10570245974854056,-0.012940443802221695,-0.31212516049099226,0.38380352438553333,-0.7518720628500104,-0.7283437747098457,-0.32081739698881356,-0.7315915458315486,-0.5957982639623414,,-0.2720744604988517,-0.23399229100401006,-0.31112703489563387,Low,0,0
12,8,2012,-1.9468261701457963,1.331816776485248,1.3709371081340163,2.3920900142341766,-2.5349662602552017,-1.0793104769453181,-0.8734777345239966,-1.093590137895583,-1.0184562788847644,-0.9273691402481574,,0.18082490747893387,-1.1505079185922504,-1.921861459440662,Low,0,0
25,9,2012,-0.5429008156113972,1.2981306254393759,-0.29243932668985945,-0.3302290470474157,0.3061040044194152,-0.5719425797550017,-0.34954764673665084,-0.30098709161327875,-0.5028856005204799,-0.4966465294165979,,1.2938123304731874,-0.8897706174076078,-0.4052687461298301,Low,0,0
16,6,2012,-0.5580555705766728,0.7897963953684864,0.6767293411170927,0.05375382497691634,-1.1575754208475089,-0.9548603965401435,-0.8030930450760605,-0.8637165058757306,-0.9165535488496092,-0.9084540992457542,,0.7643433412576569,-0.7688918880860072,-0.4825064205506709,Low,0,0
31,6,2012,0.6439063329538773,0.2367709670283669,-0.7268612824939181,-0.259653307506746,0.15136571118949402,-0.6196095464504594,-0.7307658088750775,-0.4974809426864978,-0.7205899026540973,-0.670057618171597,,0.8197171529061212,-0.1839459423080247,0.6762477846474386,Low,0,0
14,7,2012,-0.34087997707721895,0.24401267224940953,-1.4993769060279405,-0.30929945661868996,0.5794663256817396,-0.5135463734025983,-0.4980358028859581,-0.2041633204383616,-0.560916325062599,-0.4240396319468071,,0.2074815142017891,-0.42658151369596214,-0.42086489412418454,Low,0,0
22,9,2012,0.60737751484754,-0.5179667437093595,-0.08628876893273442,1.3023289575726518,-0.2381430310352311,-0.5765687251626964,-0.8646841568252561,-0.7320853296128716,-0.6851026585164358,-0.8314306037572177,,-0.3006236374392289,0.24740162875033614,0.5204814048849659,Low,0,0
4,8,2012,-0.6747994621361164,0.17065794824712616,-0.42159700377117615,-0.32824501582111615,0.2414982031879132,-0.6388637073445572,-0.6427541324921386,-0.5937583446317958,-0.6497342232564963,-0.7657368309392595,,-0.10094537439368349,-0.4752095093607469,-0.7806453824055036,Low,0,0
29,8,2012,-0.9314400625353626,0.7478119585678675,-0.9124099665240237,-0.5065973537122841,0.026391400193684626,-0.44668735820721234,-0.2270896072121928,-0.5647751024012002,-0.3664552021216071,-0.6101920172818568,,0.3507335725464202,-0.7347894185207136,-0.9086125152783703,Low,0,0
5,8,2012,0.9487535369924218,-1.181244200096832,-0.08214186753155454,0.6714118804106138,0.2559873281378252,-0.48157165537167235,-0.8272359187845267,-0.4112238099006758,-0.5625962467121837,-0.5545706539793294,,-1.0347035149715673,1.0592589476605814,0.8464991566430506,Low,0,0
12,7,2012,0.6512262905900559,0.031076351868196114,-0.6351455898997718,-0.15553143367755398,-0.1430478657532504,-0.6521281700796469,-0.6722632923505416,-0.7807127383907053,-0.6634170441740731,-0.8194339314629202,,0.46412070255974,-0.10956667672719689,0.6944601869062152,Low,0,0
26,8,2012,-0.27363835636279316,-0.5586634281943954,-1.445858849049308,-0.26024443980971473,0.2971046469536793,-0.6647589003481436,-0.7065405507116965,-0.5491694050532158,-0.7396543184756413,-0.7370091836087703,,-0.7344356497864282,0.09081613000506572,-0.39690468100841775,Low,0,0
30,6,2012,-1.447995873840934,1.3465546332676348,2.1887560324827624,6.899949045816116,-1.9860424740121843,-0.7263407713865765,-0.8799403663802788,-1.0625805148487892,-0.7698540102985151,-0.9155290725024152,,0.5779976563021532,-1.0409866676805715,-1.3141680158739169,Low,0,0
16,6,2012,0.9388081577497,0.049014217414415334,0.9015459348820338,-0.26996265219083476,0.20770421181179732,-0.34323692510291115,0.25440811123688484,-0.4603910481953215,-0.1326319551481183,-0.45005106836988007,,0.6992175365253771,-0.011990533233964878,1.0647821474836572,Low,0,0
16,9,2012,-0.29802099202022236,0.7223310127044108,-0.6310377523013304,-0.1738367963866463,-1.257268718961131,-0.8421578033089984,-0.8785741680773903,-0.9695274720111999,-0.874755411193897,-0.9055263426686775,,0.6102729430571009,-0.5539871237444757,-0.12384924838173549,Low,0,0
2,8,2012,-0.5430926372430674,0.21115105195828415,-0.6274762138680865,-0.3077610652016788,0.1416444235262615,-0.7183897462018765,-0.6689303480463271,-0.5598345461869001,-0.7293505716623334,-0.7174945189956002,,-0.01946912118235759,-0.3903353626074243,-0.5692538391808397,Low,0,0
31,6,2012,-1.5940925926526122,1.346301081665413,2.0345280895338296,1.419996098087683,-2.039489346401634,-0.7730271444349721,-0.7784165998103146,-1.0304809658125809,-0.8206635223419775,-0.9179282842452586,,0.6070921704420164,-1.0384925145650485,-1.4522104183980815,Low,0,0
1,7,2012,-0.9858651389369445,0.20380396467798284,1.2107669206037663,-0.48649240675278504,-0.3613693044602642,-0.922013619779176,-0.7301689238681439,-0.7245059652513415,-0.8831948038202803,-0.8537615940401577,,-0.29297721636217433,-0.5685395109726995,-1.1654554368774102,Low,0,0
1,6,2012,-0.22402699431632614,-0.7578621506609925,-0.13379468595967348,-0.26630861368577285,-0.02194990420405811,-0.702330732236418,-0.7944451255543696,-0.6316535925706955,-0.784403101826496,-0.7993130714213589,,-0.9372005958901236,0.2689268618934065,-0.3817135830719231,Low,0,0
15,8,2012,-0.10646798676943972,0.337861797225655,-1.5471962591069963,3.057162921804041,-1.1247342934178512,-0.8488856643936971,-0.8322861024780748,-0.9646645994130739,-0.9058159276909767,-0.9028469904158862,,0.3269126549945879,-0.35392504570831823,-0.02994468196211627,Low,0,0
1,9,2012,-0.2865835302861047,0.4930101529784754,-0.6224821860091433,-0.38559366044829463,0.2595672926234902,-0.6942575761844484,-0.5347478825735468,-0.47456827176356864,-0.6701231077881452,-0.6627251010117836,,0.4973219319774684,-0.5063686034569087,-0.19087353465061693,Low,0,0
6,7,2012,0.7270857370294087,-0.4991087206976085,-0.996721906740172,-0.17844309715408196,0.12423500201292799,0.22793930849307573,0.6917012963515349,-0.5966100194471445,0.4241416657488052,-0.4166019884682755,,-0.13914944494061154,0.22254302602137646,0.5663940309375379,Low,0,0
20,7,2012,-0.8901158087353711,0.7662427412533965,0.7332377901413921,-0.3493245872050734,-0.5015196169481378,-1.0025596969959798,-0.5853860510055029,-0.7353100625587622,-0.92171839863493,-0.8591413827822848,,0.42629666233557045,-0.7421082818299876,-0.7488851077861869,Low,0,0
22,6,2012,-0.8497458495828781,1.8372184205201598,-0.7148909044392827,-0.027690541334469423,-2.9264149628234484,-1.0866922687063703,-0.8737034300955165,-1.1630017374118897,-1.0349688384408684,-0.9356668202545569,,1.5132243804352161,-1.0847108280313067,-0.6724714301375135,Low,0,0
10,7,2012,-0.18145696173062736,-0.6280509972706758,-1.2934536557406855,-0.2804261099171773,0.22703464764778367,-0.6935770999077409,-0.7165757126181254,-0.5998699393184473,-0.7116698533185791,-0.7358703228761005,,-0.8591405886384815,0.14618521175997745,-0.3854485366851159,Low,0,0
25,7,2012,-0.8758752301468455,1.4830405153828534,1.015200834801762,-0.3750544194397875,0.028208055409124473,-0.3874955918196079,-0.4237458210108346,-0.5057487657802158,-0.441487570518114,-0.5780450731836124,,1.2073572993105097,-0.9611572856007118,-0.6209355641613763,Low,0,0
19,6,2012,1.3967822755118668,-0.8577350512220769,-0.5838625129468767,-0.3927096923259209,0.13314994409318753,-0.8420407151496578,-0.8495945475454141,-0.6787572250778842,-0.8250219506441061,-0.8393396976092106,,-0.28264698641833486,0.8081509685880238,1.3798011096234555,Low,0,0
8,7,2012,0.6024680673667382,-1.3551967026903904,-0.030771422184740764,0.63267538151678,0.05155524661553654,-0.21706487477266428,-0.8291842745083903,-0.5773837492718011,-0.38959464413017325,-0.6418162523264238,,-1.3083784415377382,1.0412374163142917,0.324830690548198,Low,0,0
23,9,2012,-0.7309119719035184,1.484630259173182,-0.7363721038857706,-0.3600441424492641,-0.21384734780267553,-0.8641071963361441,-0.6045897197404927,-0.7658038719216925,-0.8172331208722151,-0.7973414646001952,,1.3514629436685395,-0.9822559003231096,-0.6586752632921652,Low,0,0
19,9,2012,-0.5589971500183902,0.9625558031877424,-0.49967375019487453,-0.39758438009213853,0.15463499572367437,-0.677614174635791,-0.4549497443332502,-0.5650063679370324,-0.651238899235966,-0.7090124278060992,,0.775360893657858,-0.7052576131578109,-0.5149565787980154,Low,0,0
26,7,2012,0.6462552806052954,0.4064237066528688,0.5374600540221969,0.05777380633921878,-0.3850112450779357,0.7432947359345031,2.0455293116693896,-0.7422076906857266,1.1271044634059622,-0.45209365811185626,,1.0537031393780454,-0.2468012411450449,0.8064683741016401,Low,0,0
5,9,2012,-0.6413659220574467,0.7228626366796451,0.5919564166101725,1.742944156256801,-1.45643392488538,-0.912340294848089,-0.8727670052434101,-0.9155287264324079,-0.9646583067319366,-0.9053772963475776,,0.5080356502021972,-0.6890645452706682,-0.5570090858849207,Low,0,0
8,6,2012,0.10279326963924648,0.08126037697951315,0.25068385448727953,-0.28079524741083783,0.284865638750845,-0.33588829616850485,0.08384178680772972,-0.40707018143824053,-0.16829714157468914,-0.4311149933353448,,0.28502065180835423,-0.24746394057957558,0.2219484792441811,Low,0,0
10,9,2012,-1.9093352123980132,1.2554553224122897,0.026479445925789512,0.17007071405675836,-2.2767259956858874,-1.0390977953858325,-0.8849095289606461,-1.0784144015238601,-1.0260271143828676,-0.9309532774017945,,0.14558600305747782,-1.149212762023306,-1.954850978948175,Low,0,0
11,7,2012,-0.16199050530890197,0.3576464650435461,-0.6223451424470329,1.7884615170384315,-0.9872017175316329,-0.8365221464160345,-0.871990525191198,-0.8993616179314462,-0.868140781271392,-0.8957443302809869,,0.46946848419506765,-0.39661216839176394,-0.07143032227158316,Low,0,0
28,8,2012,-0.6354342761021264,0.16386587429996247,-0.36792335503410384,-0.396640739954547,0.05017442525637872,-0.9209271416582212,-0.6576148113541257,-0.7136677862292897,-0.8045168890632208,-0.844019694000874,,0.025970222032903344,-0.5263462143201025,-0.6518385538374661,Low,0,0
23,6,2012,-0.31286743527440924,0.7005660106041763,-0.6075810698061948,-0.3018379878510459,-1.3403708679425774,-0.9183133532111029,-0.8634223995581662,-0.9462522362887318,-0.9274777746887383,-0.9005889016204056,,0.8591293261872833,-0.6337703982536881,-0.17634749486383672,Low,0,0
17,9,2012,0.218834039062857,0.9325402484547557,-0.3274610763868478,-0.3877856305186643,0.18357333663081551,-0.5915168557989895,-0.6767446498780979,-0.49972169733837,-0.6321071323996591,-0.6705413870292943,,1.502144712078841,-0.6073021099346588,0.38279786477816236,Low,0,0
17,7,2012,-2.2704858927992695,-0.18713366774252438,0.39715546080265307,-0.3040809824707625,-0.3826434136250968,-0.8511052999027418,-0.7173028817370677,-0.7721345733274703,-0.8273930761858291,-0.8879024035187052,,-1.3982182857706003,-0.6437356352140929,-2.4747041483839185,Low,0,0
28,9,2012,0.35709022261023277,0.2972172122523697,-0.6241469240622124,-0.46463898702682166,0.513077953946426,-0.5700620206944397,-0.4802788434605664,-0.032039948803044435,-0.5478247998736159,-0.339464188120575,,0.6894478177524882,-0.3256209820373781,0.4566268014619726,Low,0,0
14,6,2012,0.540918099777728,-0.922891206465791,0.24868544138393994,1.8722958761221078,0.01120301908609243,-0.5187917427206855,-0.7977707719616387,-0.5819556097444026,-0.6043753892012753,-0.7209406686507505,,-0.6539485590451083,0.5210292574419257,0.5605602360529081,Low,0,0
7,8,2012,-0.8168037657799765,0.2870555223497635,1.2926034338251655,0.03277098408098531,-1.1794601417608352,-0.9411545655312504,-0.837417469749919,-0.8394446187164706,-0.9010555805597933,-0.8784835393220795,,0.03579547502425087,-0.6240535960747652,-0.9075864548069261,Low,0,0
5,6,2012,-0.6350127358498657,0.8528434367346156,1.9346429040156607,0.41366915316746744,-1.237602899606236,-1.0266171842525025,-0.8364786895047351,-0.8793050749911565,-1.0016929369904342,-0.910421417369245,,0.7899470777753024,-0.745243248683706,-0.5683029610087362,Low,0,0
11,9,2012,0.9380476989135587,-0.5910748652393217,-1.039826870620205,-0.22734613916815788,0.032774647655884656,-0.7543842447814202,-0.8393277219315929,-0.7191347762252537,-0.7668945823713964,-0.8354921949620655,,-0.16707601115723542,0.437392248200266,0.8914347503680377,Low,0,0
21,7,2012,-1.0032514078772625,0.34416182091110065,1.1809450000608266,0.0708689191022893,-0.7812758931739829,-0.977791448025539,-0.7628269174316696,-0.7828358786520107,-0.9024683688153203,-0.886353465860245,,-0.07964233005585085,-0.6451417543174403,-1.1151364595759707,Low,0,0
15,8,2012,-1.1994732031096071,1.289572493620015,0.4049106426927522,0.764820592595882,-1.8927822297036798,-0.8410192919087294,-0.8983045603197631,-1.048239983324407,-0.8753194775249667,-0.9220948526953762,,0.5637434752638993,-0.9974603361651005,-1.0729027697418236,Low,0,0
14,9,2012,-0.32610322402143,0.05414112978544345,-0.1936766235090745,-0.4702002957964934,0.33226761383963294,-0.7133176240372819,-0.6537600003041217,-0.24791283526029287,-0.7413406381590967,-0.5289805309355805,,0.013224248888112272,-0.3091261380470947,-0.3381068402561005,Low,0,0
15,8,2012,-0.5063293224355573,0.7029504488417567,-0.4236267585241682,1.6771853543711632,-1.4197908689398124,-0.9331048122250133,-0.8830576798937164,-0.9528459889638369,-0.9401789454087648,-0.9034716968510254,,0.6184514806970879,-0.6018115470794965,-0.4788183390034761,Low,0,0
31,6,2012,-0.7792402038936125,0.4498064205421077,-0.5575454552071087,-0.41258977497042365,0.3108536074002488,-0.4915886330287146,-0.34391483905596804,-0.374306015350202,-0.4048031562896367,-0.49118457295935286,,0.19738898574490207,-0.6274556044019678,-0.7374361504520858,Low,0,0
31,6,2012,-0.13798718339308325,0.4123170555823643,-0.5574193334978241,1.741151267457794,-0.9515806173094776,-0.8234074160402105,-0.8888897107940873,-0.9127947917303906,-0.9223195651757489,-0.9079775267176996,,0.5390534990497494,-0.4365887219049021,-0.08973408180822837,Low,0,0
6,6,2012,-0.33993874815489045,0.4147224405025245,-0.5984626062881625,-0.4406764637865021,0.35594960691886074,-0.6717907928304441,-0.532618264735347,-0.3804084102735412,-0.6429125157177321,-0.5905763957780589,,0.44176054160629014,-0.5109164960358649,-0.21718428106112536,Low,0,0
4,9,2012,-1.395821033528177,0.9234894993024617,0.8656772880196029,0.18665738085473943,-1.5485367644239065,-0.887025617426921,-0.87054595679398,-0.9648952086670124,-0.8987132577532132,-0.9189847085584988,,0.23175038188234715,-0.9280261684270791,-1.3422223221775946,Low,0,0
8,9,2012,-0.523569537788915,1.1316083511275405,-0.2883054915145563,-0.39164582910658857,0.3433054795026285,-0.563223737058886,-0.3464368793569316,-0.2821188203859406,-0.471191681209541,-0.43855350303920165,,1.0738372028221368,-0.7762142950870512,-0.38655155539690556,Low,0,0
27,7,2012,-0.8996581263559289,0.9370441085695815,0.1423601497182428,-0.3699414197039494,0.05067138852642285,-0.8377275285279621,-0.3673459805655036,-0.5080399885314346,-0.6831022997434146,-0.72258501390168,,0.6498313464013621,-0.8169439427651343,-0.701763252562208,Low,0,0
15,9,2012,-0.612774563464554,0.16963152678328464,-0.48496110080158833,-0.38908296459666597,0.16528824320614546,-0.8148910848933293,-0.7066767536921298,-0.6487875390335737,-0.8050109081677226,-0.8227925160752397,,-0.10406930826428774,-0.4641751189790829,-0.506441950865141,Low,0,0
27,6,2012,-0.5769106336495092,1.0398697801744812,-0.5655189602540093,-0.3364890465515732,0.179103747686095,-0.6655670059596381,-0.38117453163806847,-0.5761309579929219,-0.58566274103209,-0.691150754118664,,0.9426026330832428,-0.7480880308567499,-0.3721572097249916,Low,0,0
21,8,2012,0.4918580226295361,-0.2526701175983881,-0.6997809723346349,-0.27989229481759365,0.1721660193298142,0.22993345906972695,0.6794079395659338,-0.6240617250143269,0.4199456678498938,-0.4252437947832646,,0.14943097766309527,-0.023941199840792127,0.42726829149175644,Low,0,0
18,7,2012,-1.352747721014079,0.5344903866656504,2.100617290902312,-0.272319720136221,-0.5824772183037468,-0.4763602267590531,0.02220364151739309,-0.8548019045715968,-0.3357093664972127,-0.7655339616277853,,-0.04658283395898668,-0.7950812127429511,-1.2687792087620602,Low,0,0
9,6,2012,-0.7517258583184299,0.9344185400863187,-0.04828667299037809,-0.36076722704056663,0.26094990519096023,-0.8374593346999363,-0.4762385072989117,-0.48667042786329207,-0.7192862388042298,-0.7037935608298029,,0.7623383905691213,-0.7816539427257224,-0.7386228956955845,Low,0,0
11,7,2012,0.41652066446826946,-0.08010179281646937,-0.342164244808801,-0.13913221213870006,-0.3539229810443165,-0.5846936484021247,-0.7279547955106059,-0.7939063413686003,-0.6457551115725012,-0.8340969560956226,,0.07118768763740008,-0.0526125982089432,0.45796619509793135,Low,0,0
5,7,2012,0.764220093602078,-0.5105795207636394,-1.4847440302141028,-0.2603067671925438,0.39202610739449567,-0.5600831379811175,-0.5112152438079856,-0.4592336327894857,-0.5565217653077714,-0.575109704214624,,-0.1495166799513091,0.3543634863093988,0.7337968732939908,Low,0,0
17,7,2012,-0.09495112444835346,-0.863884820969776,-0.7729059954241284,-0.20100779395761864,0.09275959618652829,-0.6391785485351017,-0.8106200002244248,-0.6807583660892894,-0.6743195269450254,-0.8103740662144936,,-1.1117923226263429,0.3950022346763881,-0.34495018725967436,Low,0,0
9,6,2012,-0.23806624477122992,-0.03680661369346459,-0.4648866671369205,-0.34696642108724374,0.20485967287931472,-0.7262766546675145,-0.641063535292806,-0.41115870923060666,-0.7255254255060918,-0.6352645816536199,,-0.17998091459088605,-0.27282724880917253,-0.20516792739413925,Low,0,0
10,7,2012,0.5554315634080463,0.23018103569349682,0.5252184814373884,-0.3371936815438431,0.25143874033593794,-0.3346468852754881,0.010803288901464057,-0.4865396877540463,-0.1833238538551868,-0.4787816841850734,,0.5975249919882853,-0.16243801816413417,0.6844173750594973,Low,0,0
2,6,2012,0.30995013195905824,0.1782469208846274,0.5619759670605413,0.13673642968667254,-0.3747754995390091,0.5701241612512488,0.6480047669289357,-0.7261874507037716,0.5763576014889038,-0.5592883411215409,,0.6205949694695085,-0.1962329754771342,0.4286259514425443,Low,0,0
25,9,2012,-0.33869894214020124,-0.615539956697026,0.5933960442441215,-0.2549971645436826,0.09878488080581285,-0.6307518972166953,-0.49357292702049155,-0.5515265736095782,-0.6267934153829103,-0.6821832258569605,,-0.7808825296935019,0.024906364307481874,-0.4859229599535943,Low,0,0
30,7,2012,-0.7430836519486094,1.6297217902022336,-0.8556191853850352,-0.36971925098385,-0.4660282642582214,-0.9148976880576054,-0.6535417203612214,-0.8437157955952217,-0.8911059643311634,-0.8754593822994143,,1.4650719299627186,-0.9924410871638659,-0.5724202048787572,Low,0,0
16,6,2012,-0.8667339875345291,1.739924604346669,-0.7436353332743347,-0.2716475608116799,-0.21056350693884016,-0.9099419328730579,-0.6389007203037431,-0.7270447384315732,-0.8229447121882975,-0.7905623780957532,,1.58364807006269,-1.025416967758465,-0.5217317725864742,Low,0,0
17,8,2012,-0.8865509494525359,0.3623188840187265,1.2143923220307176,-0.22825096881053653,-0.48002894490785536,-0.8085703332104017,-0.5601978411963722,-0.7469249676108158,-0.7691778501236439,-0.8496371676630795,,0.13174444065219273,-0.6737957835360585,-0.8778830652131041,Low,0,0
2,8,2012,1.0707718689662882,0.9689296485344081,-0.19763433097378796,-0.38181507786685676,0.48658168206000696,1.7361421589917436,1.3158698012209538,-0.10949535008599647,1.685553234694414,0.4336732462147023,,2.0943803429044547,-0.49351331353599726,1.4383388517246172,Moderate,1,1
9,9,2012,2.0081345768102343,-1.7045653309680253,-0.39479679872175233,-0.34122734829085244,0.9597122625901605,-0.11306879664134416,-0.4458555661024374,1.6725210364734024,-0.2683460022978512,0.7132775095337148,,-1.443839816216831,2.355049519054974,1.8824114423009533,Moderate,1,1
25,9,2012,-0.7195367358323395,0.024289822928520104,-0.5429407480570062,-0.3806098522896859,0.6184389158382251,-0.021813094057834253,-0.08449595428910028,0.2202765182734466,0.01670368921037428,0.0807203712466831,,-0.3462134945263767,-0.34420302171863,-0.7445374436905636,Moderate,1,1
25,7,2012,-0.7702858877363599,-0.4284443165614601,-0.7020253877444965,-0.385773835948543,0.7989279102878348,-0.16611792518534696,-0.18750616364036374,0.6609083404299672,-0.2595793805190584,0.3497153073912763,,-0.8443718656143462,-0.18560674583894796,-0.9244138362126316,Moderate,1,1
10,6,2012,-0.022603076077023467,-0.45524207413783413,-1.198125579775624,-0.3770973097467133,0.7132796384130559,-0.12577744496017845,-0.11713285289279741,0.31298762727906215,-0.1406816649093421,0.08240251399748783,,-0.4617840606004049,0.06550916871669073,-0.10786909029960373,Moderate,1,1
7,7,2012,0.48150960277189814,0.4454932652199025,-0.18268829016971935,-0.3540705310423233,0.43398075769577305,1.2525498091310021,1.1458623567653403,-0.15098893078534714,1.3290963948793122,0.29623695389991295,,0.9710949392634548,-0.37635252514777506,0.5850328252727717,Moderate,1,1
10,9,2012,0.0646463561810861,-0.8097542171764104,-1.3854774425968783,-0.38367671631724776,0.7868182478810816,-0.38777193878226823,-0.37793286899541717,0.4363469193000775,-0.37892451451037434,0.04616230171169117,,-0.8402760466315171,0.4194885582960547,-0.05186165022757125,Moderate,1,1
8,8,2012,1.3434425664285936,-1.6776625326799974,-0.8381769036148459,-0.09872384215248627,0.5530761436727243,0.1386039507825606,-0.31895021254198364,-0.07204604212436547,-0.008358128626423555,-0.07397367315301163,,-1.4524303464688169,1.7993853841221592,1.2900735613483088,Moderate,1,1
23,6,2012,0.19618459200376537,-0.5946744818837628,-0.8998738963825496,-0.38015637033988464,0.7367591466658373,-0.2814310238687485,-0.3024144697454833,0.40353610425748354,-0.32889753853245135,0.11491274157198754,,-0.5331734989884364,0.2240412627710241,0.0893519299111796,Moderate,1,1
27,6,2012,0.438410909654541,-0.4838502961703892,-1.0008246025261973,-0.3772329917621161,0.7167759671578924,-0.350072745801594,-0.41927667315114087,0.36332533269403966,-0.43184560996498716,0.00907778025771392,,-0.21263677634778108,0.20937522202782194,0.3490028237444353,Moderate,1,1
2,7,2012,0.26066890729152326,-0.8341519742065381,-0.59568939332508,-0.3867203298174547,0.7517612530850374,0.5393900022393191,0.8256646612537133,0.666783551678577,0.7127712242363112,0.7057843889638852,,-0.7757296382966398,0.3592537462855685,0.11879088894127164,Moderate,1,1
23,7,2012,0.2271146322498359,0.26436015235259036,-0.6355240288827501,-0.38324124554667816,0.672827048386869,0.6201335016435823,1.0322411306100765,0.2671631819763682,0.8216706887128135,0.6048118358123663,,0.5419852748168094,-0.2549521424066592,0.3038290387678877,Moderate,1,1
24,6,2012,-0.3768373209532106,-0.24958474893681468,-1.2770484707244072,-0.38305860681741355,0.6376810450465473,0.14961678759550046,0.12257725006806429,0.13105806691939648,0.10009538991243544,0.08607586911446732,,-0.4693517789833196,-0.1429818394986474,-0.5733930870515581,Moderate,1,1
19,7,2012,-0.07939689386819704,1.0176512379847251,0.467644915641945,-0.3855343303937806,0.5217026361042243,0.34089818623160173,-0.024794603238271123,0.05167689911793184,0.1768686782753334,0.1351718770954613,,1.242048640023074,-0.6079996569748797,0.07993023520565809,Moderate,1,1
28,7,2012,0.6483671245489404,-0.26855768453177,0.523159056951284,-0.38181608284765944,0.6656294441951864,-0.005124330123579213,0.0965174349649089,0.5230345681821444,0.09834678904125627,0.3196098735099627,,0.17192627682092257,0.11032283654934451,0.7491706734741834,Moderate,1,1
2,6,2012,1.386195148194919,-1.6808664022049573,-0.8985794333782902,-0.08859389234510481,0.5594093338248924,0.1732085063872592,-0.2660324719372273,0.023909965207528517,0.005901231320019924,-0.01730227314896068,,-1.4185200137835678,1.8764483179409255,1.2286243372169243,Moderate,1,1
22,6,2012,0.26789094859094453,0.47815544589437203,0.17904945622395912,-0.3852458882142647,0.5447021169972059,0.6033454393558881,0.24127081140798778,0.08741259073759088,0.5053275744501065,0.2638501962121243,,0.8586249844775969,-0.3945277260211749,0.33956770600099867,Moderate,1,1
4,8,2012,-0.7931084410577905,1.467509577764469,0.8127507348716073,-0.3813826056984452,0.4172413503028582,0.10714517927372946,-0.03791407928442868,-0.011982968061345852,0.020859703753669148,-0.02966409203593005,,1.243873146470863,-1.0006439735163406,-0.6118700110529302,Moderate,1,1
28,9,2012,0.13445408716128607,0.6143386486222252,-0.19214731432473225,-0.3670010426818398,0.5282881616950269,1.1249872198140285,1.4124417356888617,0.10699466084413167,1.2403709564668717,0.4827486846882142,,0.990027497037512,-0.39411650792012376,0.33317114557241895,Moderate,1,1
16,9,2012,0.9659123802673821,-0.3866848203501356,-0.7915059683053633,-0.26624789609812893,0.3871466423392308,0.09384589608216894,0.8867560434818585,-0.181894290057038,0.41848567324504743,-0.0013598047302728032,,0.2421060820761004,0.3048981380102813,1.1022301219031987,Moderate,1,1
3,8,2012,0.7477872112039357,-0.5858469921779971,0.300312695432775,-0.14443787957548268,0.13952186436989364,0.7195297643255278,2.0767631612725266,-0.5545861683611139,1.0010099563746184,-0.177810470621254,,-0.28400107420573406,0.44182271560433095,0.7411124204526315,Moderate,1,1
24,6,2012,0.9980227621175026,-0.4966532063414673,-0.1264986481351747,-0.3868183595681014,0.7954698409071586,0.43240519840501834,-0.15810645364231024,0.7311192086629932,0.2232885235174476,0.6701273372919093,,0.1825991343936466,0.3063698693621419,0.9467015504547694,Moderate,1,1
24,9,2012,-0.3307527982974779,0.16444008734636054,-0.2463838355642605,-0.3803964724860838,0.6011431827724273,-0.08683206932787012,0.16058134701063012,0.19183392332257035,0.04968177254120002,0.12903791233606285,,0.17432479470006296,-0.44568008689475325,-0.37607698497905273,Moderate,1,1
15,9,2012,0.2639804859334613,0.19500786046687704,-0.7200046978103959,-0.3803922824253971,0.7272600429163983,0.8371373831237865,1.1288771357757763,0.4518730239236709,1.028006157113671,0.7528483600532093,,0.44569364584238497,-0.28306991029590856,0.3249920507963616,Moderate,1,1
10,7,2012,0.7268838473613377,-1.6798535529837344,0.32189181340556844,-0.32206474649286243,0.7860134358058425,0.2927935970626896,-0.27169337463385235,0.983663151692362,0.06357137279471085,0.6236848322358404,,-1.6992326416062113,1.5757377832259916,0.4169935650021387,Moderate,1,1
1,7,2012,-0.5276375298611675,0.05827612385034647,0.7906568889100632,-0.38242071635512637,0.6535049771166607,0.2870794720993143,0.2579724846079875,0.5684320293320261,0.30376655049941853,0.5236836729365577,,-0.18655797050149905,-0.37452349292051945,-0.5716021954638713,Moderate,1,1
29,6,2012,1.9713132937856037,-1.6506925902705702,-0.2338540162633736,-0.3036303165842129,0.8712759485025555,-0.016775808446849682,-0.3815922530165502,1.1241646847237337,-0.17986779226750285,0.5739427240857116,,-1.3111462894522752,2.0984674390502382,1.9152759467413742,Moderate,1,1
6,9,2012,0.487232197260556,-0.6470053399685074,-0.5597296189970523,-0.37973711601562277,0.7598637710121726,0.5124700699027872,0.613112765540303,0.5992246030909194,0.5350174297810877,0.7015057414451675,,-0.3857282263833437,0.36008814737050326,0.5569563958048764,Moderate,1,1
27,9,2012,0.6768438059608863,0.12059585637624173,-0.8593205772444648,-0.3779369445758447,0.7519210721336046,0.5758997701479165,0.6730127960501024,0.5603874634940058,0.6473095482859471,0.6443929472069215,,0.7051559844477884,-0.05826437902347534,0.7758488253445912,Moderate,1,1
19,6,2012,1.1954089708347102,-1.7021650075050814,-0.7461653437936349,-0.12722616861375174,0.5454906051907847,0.18393230135404295,-0.1913131563497025,-0.025570563654563266,0.06270271392245003,-0.035897390738722085,,-1.5680762136387347,1.7934538665255941,1.0219228244275196,Moderate,1,1
22,8,2012,0.5493969150018903,-0.5025923102502683,0.44774928628955335,-0.3408474104627515,0.5147213464498512,-0.43282948658884146,-0.5011025731380884,0.034667041547188804,-0.5133873994345466,-0.2220654026189729,,-0.30029688880308614,0.21271901142416955,0.41115780529276497,Moderate,1,1
22,7,2012,0.08647248059615203,0.3494649956317577,0.8572810650970281,-0.37983216504426176,0.5558306915778645,-0.20288422170634876,0.10249054889044758,0.27059245655008096,-0.11257370696208496,0.09955086426092352,,0.6178415821374501,-0.38568499701926856,0.1400476434627584,Moderate,1,1
27,8,2012,-0.07461093646138434,1.0151081141629448,0.41758195987060864,-0.3887227030539116,0.5130417630918095,0.3671443557257916,-0.11350800843586961,0.0943134950154531,0.1705028607205391,0.08681988854302966,,1.2055589929463157,-0.6755588429764176,0.13540427120003362,Moderate,1,1
2,6,2012,-0.1708514464139333,0.10796849979795953,-0.33701031756544203,-0.37838379937472244,0.6269783289179507,-0.17502206875457058,0.0007941738359289463,0.20800248090587473,-0.028620048479889835,0.1388819646036192,,0.10091356098569242,-0.3506692508416846,-0.2564713199868045,Moderate,1,1
31,9,2012,0.15703789601297796,0.14326736995120884,-0.6296375164186502,-0.3823575328545312,0.6398181120252244,-0.29494393273964675,-0.3423188372730161,0.23075316385463715,-0.32973631282734145,-0.047119209772254075,,0.19273736932721897,-0.19086911909702262,0.23188583576914262,Moderate,1,1
2,7,2012,0.808608243160941,-0.4171302789230543,0.3787942527884833,-0.18455405183658755,0.20345879777535103,0.7678990242048269,1.859496635371379,-0.4771185829691437,1.041552436261385,-0.10416676662556891,,0.06161834309326947,0.22481722613885596,0.8163570854529085,Moderate,1,1
31,9,2012,-0.5852872355734349,-1.3748233960231933,-0.02581901400685912,-0.3847739039173443,0.8095310638054157,-0.15274905932269775,-0.5264067209623092,0.8989461494048406,-0.29427535526942217,0.3920974460578915,,-1.7934983398997322,0.6580981662266772,-1.0041611292170698,Moderate,1,1
9,6,2012,1.5879304564528902,-1.5548481323514043,-0.903919891932717,-0.09737130300826057,0.5338178053685565,0.10194287458501626,-0.19748179423733392,-0.058345316191880756,-0.09865119816323278,-0.09515573485023748,,-1.2547368777335508,1.77167136053373,1.2802286646292955,Moderate,1,1
27,8,2012,0.8008133461602467,-0.14811264172919697,0.5784409578960775,-0.3802024219444584,0.6682859565653826,-0.08998333401813956,0.15883811812568727,0.5286860366003978,0.08275234928124457,0.4252039777928854,,0.22049674951280906,0.07347170822469551,0.8338622432016825,Moderate,1,1
3,7,2012,0.8105257166348335,-0.3388123258930959,-0.47368611798839,-0.38507264173984374,0.7349759565337235,0.3382402549552803,0.4772868872578564,0.48921158052791996,0.3836744757410211,0.5911149577134156,,0.09439016333475678,0.1597627555997481,0.9070461283896919,Moderate,1,1
15,9,2012,0.6775247000894555,0.07305779503263511,-1.047882381331212,-0.37488966926407813,0.641721065003091,-0.2613246389789722,-0.42779966191254215,0.08063662331064332,-0.3284001916915795,-0.14703497735313473,,0.6045998242830389,-0.1468629990841559,0.6726668713209948,Moderate,1,1
17,8,2012,-0.4933816352152866,0.1791881289312219,-0.21681410716658456,-0.3772248024426417,0.5846221435736847,0.012297446055075208,0.196435124412486,0.16307961461074677,0.06716391134481794,0.09498958228640991,,0.04687934703516252,-0.3777035261679152,-0.4379169090835956,Moderate,1,1
30,8,2012,1.3651572126248819,-0.43944770996662985,-1.509837411514382,-0.3761736825351783,0.6834547488037517,-0.21707928506770693,-0.5941246735431105,0.2839712409039407,-0.4306296960416758,-0.11505461451833159,,0.18369227169229435,0.4935736844684375,1.446291668296796,Moderate,1,1
4,6,2012,0.049083964290866956,0.8703781490878668,0.13611138514136525,-0.37716675685415263,0.6025886641366429,1.2600522716491753,1.890976966573959,0.16618573751905805,1.5669623148797522,0.69607272521749,,1.1485169405430913,-0.6232965351391632,0.12455155324855913,Moderate,1,1
2,8,2012,1.0616794320311764,-0.46659265542868855,-0.36093632854127633,-0.3405619919720234,0.6642536508815089,0.37110879164372085,0.15047530307611715,0.5022241340414976,0.2510279368031252,0.4330311081238128,,0.10086802025949257,0.31469008939708654,1.138757049468708,Moderate,1,1
21,6,2012,0.3930194553934148,-0.2566168177958732,0.5422633059252728,-0.3788890728224307,0.6873256397000786,-0.02368942851642796,-0.2902704525472333,0.6496529415718736,-0.09036638288628121,0.3257229525667937,,-0.14180197684372597,0.02573219607117881,0.38243246914060397,Moderate,1,1
2,7,2012,-0.744417695735408,-0.18661473793296998,-0.45059634836785833,-0.38286347419189887,0.7454359169205524,-0.0953205441294321,-0.15324746337642087,0.6314224634585904,-0.11724703044454968,0.30614961934471935,,-0.5004733657456822,-0.3116409252741454,-0.8841474108268887,Moderate,1,1
25,6,2012,-0.3440759504209684,0.06690998118103247,-0.5666606838229116,-0.3775699984252299,0.5825730215204835,-0.07859845670400256,-0.1907635392042621,0.05062965291951789,-0.07825841830923322,-0.056117013267229045,,0.03645554621850631,-0.32360912521933705,-0.36771583040530964,Moderate,1,1
2,6,2012,1.2283409945030397,-1.5321710682600858,-0.806207819328525,-0.20064714480909698,0.6724608385534052,0.09928893450611821,-0.4117483183301967,0.35329581744012634,-0.06295850175576437,0.15106529673415875,,-1.3865613145592492,1.6702176321462652,1.0479226703356925,Moderate,1,1
31,8,2012,0.48206508899577444,0.446603560546291,-0.18103865399958502,-0.38128542148994865,0.5775163156320492,-0.20531399092580546,-0.4340238501019348,0.1589798104639956,-0.28554369823229064,-0.10192072314195035,,1.0670588908129952,-0.35715492571248425,0.7179692422013493,Moderate,1,1
17,6,2012,0.47969828710619755,1.1046954632231227,1.2230187287606673,-0.38156428214654,0.5166158541308671,2.271671623914172,2.626382003708856,-0.028072345029964377,2.556963933403799,0.774097100828813,,1.844411195600508,-0.6021500604631935,0.6951836405561871,Moderate,1,1
30,8,2012,1.299318427860071,-1.3611269847104348,-0.6204350114358562,-0.1733940865743658,0.4833026998812145,-0.08517257429480239,-0.18478455206060446,-0.14777523630360967,-0.14737465127284569,-0.15471061510615874,,-0.998707339954218,1.3147442218409802,1.1880624130701718,Moderate,1,1
4,9,2012,0.8836355305240086,-0.23665753920578791,0.5677191391472285,-0.3820946005205735,0.6878202539128311,-0.030558480912518338,0.23290728627180152,0.5586789000263637,0.1831165316706593,0.4699566175802127,,0.12897081828900342,0.10996810033364957,0.8881311378164667,Moderate,1,1
9,6,2012,0.7014123083158951,0.47907366612520536,-0.1572490634541075,-0.3485074490974779,0.42316520898281235,1.2478583869270745,1.1137200975948407,-0.1671494052758501,1.1989089887029871,0.2622253814759494,,1.0810057693219997,-0.2373844129664754,0.7439594487144594,Moderate,1,1
15,8,2012,-0.5845669824260729,0.3190434503619475,-0.47415244622020064,-0.38489135343258096,0.535004439682778,0.03728944658429643,-0.15066668589903637,-0.021735368057223873,0.01604354319550723,-0.056303311806336555,,0.17176004241183312,-0.5317064197494171,-0.5917912422454863,Moderate,1,1
1,7,2012,0.679228890964153,0.3552153306788749,-0.14651458570240702,-0.34391770463257204,0.39163249757909485,1.332940641060725,1.1716714726648152,-0.22905869383721914,1.3302574995979806,0.2272816383587318,,0.9896638153795315,-0.21323962537045454,0.7074717411517053,Moderate,1,1
4,7,2012,-0.524291487508001,-1.2397528330619152,-2.111158317461761,-0.3466172023381697,0.506665802220151,0.7780855909147831,0.7424117557435329,-0.16491098290379697,0.8606222167058308,0.12585333504073448,,-1.635075010870679,0.5361574389882491,-0.8268701081540173,Moderate,1,1
11,8,2012,0.24730532303571298,0.2581523149697214,-0.31450122927414365,-0.3849111099626812,0.6016677288653707,0.6420317103537979,0.4112051942270212,0.15731961627680421,0.6448601778379319,0.3558387759039946,,0.6420396013732261,-0.34450064774608785,0.27489982866506324,Moderate,1,1
23,8,2012,0.14552417031161113,-0.6156323528807431,-0.779339563858054,-0.38349332967020977,0.7133308026784387,-0.4695156693505975,-0.44408150720875694,0.4157905789770971,-0.5048107349311276,-0.017957337328100648,,-0.5912892384514636,0.16825256117586063,-0.07405838828479966,Moderate,1,1
22,8,2012,0.4610561210711435,-0.3202156540292834,0.8062609624015452,-0.3788283088835733,0.695834693254466,-0.03317874084801643,-0.2513145361798148,0.7011470177041161,-0.13166579977241005,0.3664504630503956,,-0.010412634624967311,0.07316330070233527,0.46280558381040776,Moderate,1,1
3,6,2012,-0.1207285105957461,0.15050716049912377,-0.5051136623868683,-0.38029292914341706,0.6327224091207471,-0.19695366405154394,-0.18932910187942112,0.1897292843391272,-0.2493143169593052,0.01611235235126115,,0.06405054858243374,-0.29888900954184194,-0.1789537676518781,Moderate,1,1
2,8,2012,0.5343340177134683,0.8128597198195763,0.13592785276873054,-0.37911499609853816,0.5589468735907936,2.087871320719254,1.9786007179798961,0.023563613246542436,2.0802822193008508,0.775835571175891,,1.4296342587206563,-0.43422849536676084,0.8630400483648814,Moderate,1,1
21,7,2012,1.6582414162366867,-1.6217682188182017,-0.5318043979278675,-0.18443714605190228,0.6791810576165809,0.13941496360325978,-0.26859338036521135,0.4278704691735083,0.008892471532554534,0.2823399698860257,,-1.454085785506317,1.9432568377176824,1.493306198341811,Moderate,1,1
12,7,2012,-0.10898869345553971,-0.6330628428019219,-1.0833552726965596,-0.386437741505361,0.734744926981445,0.1336379323965968,0.039157405980697294,0.39466122874359455,0.07708845862372443,0.3103364237218742,,-0.7380033988734737,0.16867876551096128,-0.36293465819486903,Moderate,1,1
25,9,2012,0.23498217391756449,0.5268478250566515,0.4021313939881936,-0.3812210301044552,0.5406019753356244,0.4641890209315436,0.6873506147539433,0.11485395737833587,0.5904971589840223,0.3585688377508056,,1.1331303702642712,-0.44882376050651784,0.40531821049943617,Moderate,1,1
10,6,2012,0.4329688112078512,-0.8812099594065714,0.41674293469529644,-0.38238243051798904,0.81018147819265,0.202998767978795,-0.5521257845285454,1.1134595074325515,0.04056628327957619,0.7042712430810767,,-0.790839934416375,0.5977055529977291,0.30186316693056586,Moderate,1,1
12,7,2012,0.5839797205196924,-0.2971046567827237,0.7203670077967961,-0.3831787177980057,0.7068047391255915,-0.07802127740417628,-0.14168890394180084,0.7332167088773454,-0.08102752321952807,0.38014237702273157,,0.10719657962124367,0.10763776027088116,0.646470452294802,Moderate,1,1
7,7,2012,2.050267489556466,-1.615982379588083,-0.7556886315183503,-0.3808911804185491,1.0323783515416778,-0.10533177541701542,-0.4742176259058013,1.7700704292168388,-0.25473807899728007,0.8502486342627307,,-1.1509605377690302,2.222793809184512,1.9757156286710906,Moderate,1,1
9,6,2012,0.9318306670490203,-0.46769523228209026,-0.7676421806712082,-0.29609798436775026,0.5161982462792175,0.1712492103824714,0.6641878279486705,0.2158505115627124,0.3562864651712891,0.2147220387303202,,-0.0401326375732549,0.40762389900612933,0.837713202817929,Moderate,1,1
22,9,2012,0.5087554383691651,0.22838273943956083,-0.6743619361030472,-0.38144175472684444,0.7179649707197927,1.2479415924674933,1.2802354970637895,0.4063938376663095,1.3232969534954893,0.8229358503845489,,0.7026660201824477,-0.3055099679290546,0.5317092691286731,Moderate,1,1
15,7,2012,0.7989186626227983,-0.6102653726883528,0.13742984357570037,-0.14774440577537123,0.1426507290373391,0.8061879903188478,2.2502479610405772,-0.5480893516445599,1.0096565603764311,-0.14634153571056602,,-0.20652175854885063,0.3347203733318383,0.7664506758659154,Moderate,1,1
21,8,2012,0.6893825201253834,-0.24603740380911754,0.4627069886998398,-0.38029546721039253,0.7124963998055425,-0.019181945471510538,0.029975763276014086,0.6646871953804115,0.13782585664102368,0.5085818205940094,,0.18064328420987721,0.02709401823792406,0.7250777409666546,Moderate,1,1
3,7,2012,0.5141120228018505,-1.1288177026558701,0.2174678917616225,-0.34645001763975236,0.7557339431860379,0.6759734979506712,0.2540410666335431,2.4385521629519746,0.6158818829419399,0.7663335558279787,,-1.1811798607591526,0.8823871550043629,0.2507714110178394,Moderate,1,1
17,9,2012,-0.29247091229698513,1.1139142275458318,-0.17202723701439884,-0.3836447407904173,0.5434266381737531,1.0598996662540425,1.7437218761430022,0.006011450929884712,1.3650516858987864,0.5302080028535829,,1.181488341152524,-0.6739076752035086,-0.06257170905313575,Moderate,1,1
15,8,2012,0.22936358248315422,0.46618661540205547,1.0247862629188287,-0.38195638078330707,0.5459519325947274,-0.003726383760071275,0.20212876134295485,0.2202832073173382,0.022391709327676687,0.17331864920282214,,0.8433203761750083,-0.35948484154859545,0.366320785177061,Moderate,1,1
29,7,2012,0.875495316264033,-0.4411060746590477,-0.3812891685513378,-0.37811831681474056,0.7646617094988822,0.4001668900899727,0.38544840359538646,0.7137275840958021,0.38720674488611373,0.672635154485562,,-0.025886416425197716,0.20363905886918046,0.8262438364748466,Moderate,1,1
14,9,2012,-0.4631693091867807,0.5511643075981969,-0.3455474416996591,-0.38503037288478664,0.5498035021974046,-0.205051704017821,-0.09236736180031235,0.028408891862023694,-0.0769420424832995,-0.12307284359998887,,0.3832179937332423,-0.5582769401016996,-0.46161271727661035,Moderate,1,1
4,9,2012,0.2159278715264598,0.11676938959497968,-0.7045490266405845,-0.3819911306269918,0.632257048365631,-0.3041964742657785,-0.32323806497751434,0.1838100169505487,-0.3702324400509139,-0.09616259338194372,,0.3016243401103118,-0.19658695464743894,0.2782838877151616,Moderate,1,1
22,8,2012,1.0516048104598852,-0.6817510672714104,-0.8822285469281838,-0.2288628063529698,0.340834313465572,0.08765026009407091,0.6747036579722027,-0.1809824755384391,0.32174241297569317,-0.10014197192481518,,-0.17543601517457327,0.5324219558632296,0.9267961631593734,Moderate,1,1
5,6,2012,0.12461967844180297,0.09868417180519146,-0.7039294997205288,-0.3827429749329388,0.6424444833999976,-0.3103697995178782,-0.2609237639831132,0.16360116255372023,-0.35287147566560984,-0.05072104828421966,,0.24438830854815619,-0.2616097341497897,0.13603723861583703,Moderate,1,1
29,8,2012,1.2001647736661105,-1.3024533897436223,-0.941008333978348,-0.3206135815338768,0.7859674364006134,-0.1415163671201644,-0.6196260354634654,0.5188243552742637,-0.24950258099043923,0.19901487628931633,,-0.8993416093997254,1.1333878904752783,1.109785373471728,Moderate,1,1
12,8,2012,0.5400900862779487,0.7601230475656601,0.2159816038319563,-0.37992600028746776,0.5644333987755938,2.0854779288480483,1.968775840644557,0.011595954129017004,2.207507701609038,0.757842271613972,,1.4053869941132333,-0.44256463848554384,0.7768717273118275,Moderate,1,1
25,7,2012,-0.23676481282769563,1.1393474782990611,0.33648303833633053,-0.3756577141648913,0.5056617338226703,0.3056343252407147,-0.30149787357546537,0.033843383184380675,0.11143693284614446,0.0921200682173103,,1.2934268773722841,-0.7014325791092971,-0.06838033861971166,Moderate,1,1
21,6,2012,-0.716217324500627,-0.8277789466201608,-0.45059607009184066,-0.3878679774570493,0.7934753594846868,-0.178413695202394,-0.3851568483883801,0.7701256618146965,-0.27323125849399527,0.3545443008200091,,-1.164457999067179,0.12464648810352462,-0.9937468472216237,Moderate,1,1
15,8,2012,-0.16852396646211967,0.24574646429944208,0.6762908925919298,-0.3787787394517728,0.5350898823740604,-0.2744076775533286,0.33890485532309267,0.1404234723727965,-0.05818354712087133,0.09362111533860923,,0.23825647773733713,-0.3809559567320403,-0.04024322738995381,Moderate,1,1
19,9,2012,0.07541879679531573,0.47761784118356065,0.11733877465044311,-0.3797581977782261,0.6015023424225651,0.028089109872627492,-0.17406332025175478,0.17927032554640504,-0.07419448577088525,0.07968670138728401,,0.8701996267342719,-0.42634050683263003,0.1540678469638514,Moderate,1,1
6,7,2012,-0.19556154335269213,0.39963816687341047,-0.11108883422524818,-0.3786683752001669,0.5799815123390475,-0.022395175405665574,-0.10669206244455429,0.08327228794839636,-0.036032356756938264,0.01437375798123849,,0.5371711432572943,-0.4504976851354782,-0.092998453582054,Moderate,1,1
3,7,2012,0.5927709404746132,0.2297613949192208,-0.15390725951475945,-0.3863367810466197,0.6088408977166158,0.45626204543743953,0.47663273398732964,0.21940184699657425,0.5520050208184245,0.4000763332130917,,0.6935822972644761,-0.1734086910375784,0.6191963597359255,Moderate,1,1
24,6,2012,1.0699707920952248,-0.09994143313332395,0.08816302964231841,-0.3791528970635492,0.7231570280479287,0.27145304818959687,-0.24442246090711037,0.6171954378070416,0.11944527045827552,0.4722141257214714,,0.39916987858323394,0.231212305721028,1.1530550859954696,Moderate,1,1
30,8,2012,0.5214534776351157,-1.148889181033584,0.523508188520028,-0.3693923126466318,0.8559422827294895,0.3127557437089509,-0.4753421116999173,1.8944871327354933,0.19048447154269804,0.9187475344488993,,-1.107406237581822,0.908572374675922,0.3653346937293658,Moderate,1,1
27,9,2012,-1.1850749386158064,-0.2100809172918821,0.5803761705495684,-0.38083787542123143,0.7291776175742338,0.5024322588055964,-0.14312098311206806,0.8709573912094026,0.30531884070214727,0.7239765081238043,,-0.8560535685461694,-0.43633355578493055,-1.306898522671804,Moderate,1,1
10,9,2012,-1.5229348953860034,1.3174225549988237,0.8367146208708193,-0.38430367206841,0.442788860431289,-0.1615808610182164,0.16311145931336413,0.036406836807035645,-0.0030374009334316826,-0.09249791474432165,,0.5501777994513962,-1.0786308368785027,-1.4757421703092186,Moderate,1,1
12,7,2012,-1.0490859955988454,1.446532687471634,0.8478996005283027,-0.38296292613909944,0.41349739215942116,-0.03888465090075123,-0.0370195631119074,-0.05693283557004582,-0.06502282368017992,-0.061082073064435166,,0.9779721756983011,-1.0170307459649546,-0.8871401283581226,Moderate,1,1
12,6,2012,0.40994056988611266,-0.02666958147445212,-0.7809835598486028,-0.33347833484245415,0.5966252007935137,1.1945760100739473,1.4351827081279405,0.29449253929731495,1.089546273593815,0.6595831756046312,,0.2805096042034743,-0.0818437373347417,0.3450114023274191,Moderate,1,1
22,7,2012,0.8432900516288578,-0.4574384084301815,-0.4359820559905163,-0.38275174519524074,0.7830412871388754,0.4370814358297312,0.3336005336064706,0.6662249376168303,0.42480223955786267,0.6604445717913479,,-0.026940745379889205,0.3342731135816565,0.8134201330675728,Moderate,1,1
20,9,2012,-0.3044353303148632,0.19038770503171398,-0.501581202702229,-0.38571070250404266,0.4819945234897462,-0.14344851836177908,0.056085204815626524,-0.12718941092817992,-0.1333116972902698,-0.1761516164758204,,0.08702074851364533,-0.3402153238909897,-0.30084972280594613,Moderate,1,1
25,6,2012,1.0961330774461282,-0.2968188622016994,-0.539883147707827,-0.3820421061331053,0.7884662889214487,0.9332756742961581,0.3718587350477787,0.7869617468449333,0.7736514641562204,0.9113107234511467,,0.35770785169854175,0.3118950045514154,1.1550306435535516,Moderate,1,1
30,6,2012,0.721306847297391,-0.16800265104511353,-0.7669669734877085,-0.38428606826147116,0.7753755980713379,0.4232031988197982,0.4211057562066288,0.6340871615505609,0.5646983184422244,0.6390043814686329,,0.3926116169913198,0.10720438649351985,0.8714757991270445,Moderate,1,1
13,9,2012,1.2717424780482065,-0.4651130767211358,-0.12724954692795,-0.3825269003657713,0.7929136189143074,1.0530861426046867,0.34548871905262407,0.8237180746501316,0.8009876381193736,0.9623118798083925,,0.1797409859323077,0.43103191185225187,1.37510028924168,Moderate,1,1
21,8,2012,0.7598003663885476,-0.20007486003106636,-0.40404337230069265,-0.3818126961422449,0.7336293844923324,0.32125676648011975,0.5771001794126835,0.4926848542735431,0.4538227727883491,0.5381614660284438,,0.25381657549986203,0.1290305099524789,0.788481089918055,Moderate,1,1
16,6,2012,-0.2630241252453755,1.1402378961758068,1.0686410490124136,-0.3847694133373416,0.5421735350655105,2.4664620297213466,3.0738914667454256,-0.00956944676652566,2.8802226578918715,0.8641111396316232,,1.290789095980458,-0.722403557673253,-0.07781008130574944,Moderate,1,1
30,6,2012,-0.35566810660147796,0.10082436194301547,-0.2755399723639729,-0.3765338169068911,0.599470657643386,-0.06827318976185684,0.2672417797603588,0.13219227484905566,0.11168996587132249,0.1079160977997049,,0.06548171476165945,-0.3466106560203909,-0.3346208966626708,Moderate,1,1
11,7,2012,1.5343853436922439,-1.4178391740128453,-0.7237122194543513,-0.3790946768182025,0.9433140424657502,-0.24923791584133037,-0.5879228262995265,1.3918603775295346,-0.3969829913234936,0.5483973409415231,,-1.225669263748378,1.7023068330128048,1.447511357763296,Moderate,1,1
6,8,2012,0.6542781361642664,-0.10625166195120339,-0.028915657508023156,-0.38161885585841293,0.6792847967683718,0.6723585327298753,0.4672470019514893,0.44409067921915535,0.6771134345325179,0.6298164126131447,,0.2992928736518252,0.034788785413646675,0.6897283100425138,Moderate,1,1
12,9,2012,0.944999996020984,-1.1845199699284414,-0.8844226417322214,-0.21254609287731543,0.42728023908491247,0.1354371390997347,-0.008139831997878128,-0.23120612732906562,0.10762657938662656,-0.21153533272613192,,-0.8438538441567413,0.946499199033425,0.754567731680697,Moderate,1,1
20,9,2012,0.44869872133891053,-0.5714777389708485,0.48700663185577,-0.3430545413353211,0.5197574657004903,-0.4164660754574491,-0.5288941718235324,0.036902912901047524,-0.5381089138139608,-0.2465843951423444,,-0.20957846342379366,0.30548745749761963,0.46415413874675127,Moderate,1,1
30,7,2012,-0.8715430136142354,0.7567159999409923,-0.3854981086822552,-0.37490895072572256,0.5154210972230214,-0.06900534086032989,-0.15812591395315218,-0.09920249997336684,-0.06729645182183894,-0.11993247724185799,,0.48245025804040065,-0.7244700906780595,-0.7908589585547791,Moderate,1,1
26,7,2012,0.09775856663770667,1.2925455465645994,1.2781380031481324,-0.3813172605082368,0.5076995961513393,2.1740456373505745,2.7869441949977274,-0.01894533711323059,2.568990123391691,0.7303353039638361,,1.6993893616999352,-0.7584891220462909,0.3179335271148843,Moderate,1,1
1,9,2012,1.0257787480717828,-0.48748098693889835,-0.03389592436380623,-0.3824062983337885,0.7655083640459382,0.6067807162715918,0.023851290242118454,0.7742466906907778,0.4253008825034178,0.7768100342119274,,0.08102675815943078,0.3344481574890457,1.1227924695654368,Moderate,1,1
16,9,2012,0.9990853155023947,1.2739036722916801,-0.1522401887777617,-0.3787044951154654,0.4183974845850882,1.5302122917459757,1.2566390601585506,-0.1392247445323516,1.4644431971831473,0.30698897148159304,,2.3543245739572303,-0.5306231658822038,1.290354250294903,Moderate,1,1
5,6,2012,0.7651498313489922,-0.07643755719571463,-0.3517044820081865,-0.3824182050703728,0.688172344459953,0.3464697024983563,0.5587117134197133,0.426959061771297,0.49735311824085704,0.4926678696851444,,0.3709694764348204,0.12871679469518782,0.888720404627136,Moderate,1,1
12,8,2012,0.7491601936163758,-0.16719932513419197,0.5861772844613578,-0.3844507306111034,0.7147685966817859,-0.1571385196234243,0.10607167804948013,0.7646594460307579,0.10353451455951254,0.4826455595433749,,0.27495320238328125,0.062060752047777855,0.7442125700499375,Moderate,1,1
30,8,2012,-0.05299008099765974,0.2660437154551655,0.4375255884069242,-0.38479752702176523,0.5712158392661525,-0.2894826877203488,0.0806298117859681,0.23289969775748853,-0.11137802969757832,0.09973258865116914,,0.3970365843282716,-0.38572256353128326,-0.027228214393970714,Moderate,1,1
31,6,2012,0.5152158529146105,0.42947021648363903,-0.1160243366660663,-0.37535640539963944,0.5712558085474914,-0.17548938585080415,-0.5190456805428814,0.17296490945982046,-0.29291376800369534,-0.058994976183558576,,0.9407345956396331,-0.34448386310957585,0.6949148371330758,Moderate,1,1
5,9,2012,0.7510924017250104,0.011746424718649775,-0.7483743276471396,-0.3813302209667291,0.7846157516747063,0.5121589376163111,0.5515816558441505,0.5961080869297255,0.6022821055575697,0.6589912359625244,,0.5123037802064799,0.029490379285149748,0.9257291487245062,Moderate,1,1
5,7,2012,-0.33816432634601,0.6044205767946179,0.03931744176598067,-0.3793825196249474,0.6000279162580983,-0.11736347094878813,-0.11557251303069466,0.19065422071959154,-0.1072118529763864,0.0843001358148835,,0.6630427347808658,-0.5295094250787682,-0.34158305978717896,Moderate,1,1
22,8,2012,-0.4444854635962682,-0.8840846627379515,-0.48059095881816494,-0.3815876980773182,0.7305650468243049,-0.47063617067116864,-0.5705427055452527,0.49387144531619626,-0.5233388053305686,-0.013697146479741488,,-1.1336052676441084,0.27846989429627794,-0.5268125394112212,Moderate,1,1
13,7,2012,0.5938581720281131,-1.1260773277433913,0.5492946147594041,-0.359183884216769,0.8209874105517802,0.15141561246338564,-0.5085566586803174,1.1753180464811266,-0.024605434639272023,0.7329493172427661,,-1.1820922975695127,0.9104294151825596,0.42126324919190766,Moderate,1,1
14,8,2012,-0.030355127190965142,0.36432935131217636,0.4087538242388912,-0.3816723064169906,0.581282073189712,-0.25130315284512267,0.09103377996471114,0.18768474906094323,-0.08730907047134978,0.07099431273965226,,0.47380035008578014,-0.31323190310477395,0.0025887215017200947,Moderate,1,1
28,9,2012,0.7648164255996819,-0.27862436575169336,0.33053046919936974,-0.18382795885136732,0.22159952937623387,0.7777944014787407,1.7756028695166957,-0.46922621891949184,1.082164839135795,-0.06550104048720143,,0.07015688391503323,0.22939878813607434,0.7980648079120292,Moderate,1,1
29,7,2012,0.4031288019629829,0.942647083972602,-0.16102181093131146,-0.376784731329939,0.5348797639926492,1.1968843942356975,1.4405013230505448,-0.006036874654283573,1.3735348891959658,0.5191613999741177,,1.5685037974681713,-0.6155266163209165,0.6348320526694728,Moderate,1,1
28,7,2012,0.20507859346511045,0.43044245720454005,1.0604048871778124,-0.377866620136513,0.5425889581898711,-0.1701808065272196,-0.02501565779070719,0.28731157610398783,-0.08873617802200698,0.1407330581406584,,0.6105615065854728,-0.35899525181327496,0.23943195023688274,Moderate,1,1
25,9,2012,0.008793736854736715,0.7889295150503605,0.36720997486382534,-0.37731621135892923,0.5347016009988964,0.2768988476781216,-0.03419106510432287,0.09378671650699782,0.10434062513802377,0.13093949332672883,,1.0179102022269353,-0.5874960356307846,0.10965322696697939,Moderate,1,1
31,9,2012,0.7321791755863155,1.1616805560851426,-0.13623974427969388,-0.3743609177923891,0.4678434051596275,1.308513678720129,1.2491456152034062,-0.038066570340995864,1.3209943536172235,0.3651360676543173,,2.0898942153977247,-0.5579155369136785,1.0859805377849683,Moderate,1,1
23,9,2012,1.8388073595110974,-1.3904422967873624,-0.7138091648328749,-0.3280271763464076,0.8780486068940299,0.06677614059954659,-0.3437493871207192,1.0416350010958146,-0.03605679284959176,0.6246533817953942,,-0.9899553363550367,1.7556404931775227,1.7916658555410054,Moderate,1,1
28,9,2012,-0.02265663263240151,0.6364560195958421,-0.2709979385639457,-0.3787887430533411,0.6256882124412733,0.8308929083350487,1.3594359320725777,0.2108137845492531,1.0717975123917909,0.6056774235830307,,0.8880534352229105,-0.4184546038209552,0.18505672173651422,Moderate,1,1
17,8,2012,0.16493451935243625,-0.5846446348591142,-1.034015163115125,-0.3807983183167073,0.7295275214579714,-0.4166823613421029,-0.3621231899510263,0.4437073025354321,-0.43630661531245235,0.047272749049941,,-0.5955992161823791,0.22484317180452854,0.14495542648188564,Moderate,1,1
2,9,2012,-0.45511081939674114,0.21669237859138507,-0.5714104117813503,-0.383960167484789,0.5255972890779304,-0.04286265365331787,-0.11892847081550743,-0.06902895720556732,-0.0025265102881165645,-0.08094650921028246,,0.0407783003244727,-0.4470647174446619,-0.5144625024574783,Moderate,1,1
26,9,2012,0.5430182980644045,-0.25230164164528635,0.3066840638147306,-0.38142034755679,0.6869226600877418,0.20707108010124847,-0.006895662920809939,0.5934739840663428,0.16319069765645713,0.4693733950873286,,0.18943188489835955,0.012000968370535381,0.6387887187255499,Moderate,1,1
29,6,2012,-0.5234972765278131,0.2444682046778771,-0.41260261776443025,-0.384806665769191,0.5558853420398803,0.09166275825163854,-0.036629483204470875,0.037959433724271394,0.033553181252770806,-0.036099151965902944,,0.01833911610896251,-0.4309352199721282,-0.5610512309978007,Moderate,1,1
10,8,2012,-0.0919593440271029,0.1534709240309195,-0.5258673042247226,-0.3805177758237479,0.5997304391693343,-0.3087652511791919,-0.31704624088081584,0.1589798939974405,-0.304404918585417,-0.05803264703312401,,0.23032741145981495,-0.2988515359930769,-0.1482830739167391,Moderate,1,1
14,6,2012,0.8542673828055797,-0.219367549218113,-0.6602678876398959,-0.3848627659170873,0.7782907686806769,0.41103931537230654,0.47545767614621987,0.5936345349049572,0.46139714098160234,0.6445526664747646,,0.21172612662295603,0.18002842862537333,0.8031541770855665,Moderate,1,1
18,8,2012,1.079014431464766,-0.038113568833710476,0.09102071103065243,-0.3858798750736745,0.7160522575915703,0.27053664341534456,-0.20364780119722725,0.5810756880330992,0.06838952240065611,0.4368210533453481,,0.5582001263338419,0.14151630119798764,1.0940476576838307,Moderate,1,1
21,7,2012,0.507081867378697,-1.2167709177797215,0.5180929737440372,-0.3639886885517725,0.8300938743183824,0.4653368130432779,-0.26946230844154484,2.3253126890268905,0.20140700940395379,0.8586188586602946,,-1.2303630734278812,0.897565579181403,0.36090300447366586,Moderate,1,1
21,7,2012,0.16503043145518279,0.6380955691296742,0.04601356770133285,-0.38040295446234246,0.5533732392313966,0.697077796321927,-0.012833311035197527,0.05783401611509161,0.46273819130310395,0.22272203265411974,,1.066227484209482,-0.4112560063322361,0.32996737645711427,Moderate,1,1
13,9,2012,-0.2036261495636062,0.2035749771366606,0.6850665333078362,-0.3809250378550816,0.5921037942596176,-0.035566714989968884,0.24177910853580134,0.2939731020134978,0.11431483611086206,0.24624892518364352,,0.24444400497736854,-0.366710228691226,-0.13434389457351031,Moderate,1,1
27,8,2012,0.4274928599913957,0.24146567900687715,-0.5663975996004939,-0.38703604611124126,0.6577545640686291,0.6075088177103973,0.9052977211187271,0.1578406166451993,0.7429449204424493,0.5508686417822675,,0.4872726327318367,-0.19660200812358958,0.2978864187454655,Moderate,1,1
26,8,2012,2.0196562333732038,-1.8084896213387593,-0.4159160766388821,-0.3605546634354981,1.0287360421825655,-0.2465771957174529,-0.606491225166562,1.9360975127890534,-0.2962423536599956,0.8170845976641918,,-1.588451704340211,2.453315641847965,1.9668191991364532,Moderate,1,1
30,9,2012,-0.08081970234144506,0.34247935527165096,0.3512921660979539,-0.37973964121499454,0.6040324677425308,0.09720671727174561,-0.001043021681112477,0.2298098205488731,0.09706011409802687,0.2019871871121704,,0.5545708534910485,-0.42701061189510314,-0.03960177659391489,Moderate,1,1
18,6,2012,0.574907582433821,0.8164437520665957,-0.1833731607762571,-0.38371979058562206,0.5945099545061984,1.188086471261659,1.4469301041411256,0.15755781352015108,1.3442827971370235,0.6184570554355451,,1.4672217703413661,-0.5135366949323842,0.8178266255299964,Moderate,1,1
3,8,2012,1.0474378948013237,-1.2500548068582322,-0.43353775236463954,-0.20034366150740027,0.4775512770737562,-0.05888487864339564,-0.0979514096193694,-0.08247286572300119,-0.05071436394633376,-0.16659019502889436,,-1.0514830583151897,1.2248990784055256,0.9219092576700664,Moderate,1,1
27,6,2012,-0.4183991070562037,-0.5534523515652033,-0.5481376188613736,-0.38360830215453845,0.7105015892466104,-0.5115498648727841,-0.36062103586237815,0.5000716845283953,-0.4774348475373038,0.0013809064388895752,,-0.8660801811838487,0.03436018415263426,-0.6563435297909634,Moderate,1,1
3,6,2012,0.26840221240838613,-0.140976632078536,-0.8213768555345692,-0.3734586770334371,0.7572864694051807,0.8774716319507985,1.1535270171381737,0.5585212131092141,1.0993041569671118,0.890774964242616,,0.22874448565479444,-0.10391212624078426,0.26068468008261214,Moderate,1,1
7,6,2012,-0.6211364961816462,-1.3606485471879013,-0.24188144120172217,-0.3779972613891024,0.7948563947268131,-0.18982861865238332,-0.5156255063768683,0.9048881007135314,-0.24177679936605787,0.3877954052715274,,-1.8694929802789755,0.6142558303757226,-0.9257005185164899,Moderate,1,1
9,8,2012,0.10256525379354842,-0.7255553642293829,-0.7182189851028692,-0.3795719374197965,0.7626401858855084,0.3659372491951342,0.31288620044648596,0.5059106919216211,0.35923844074984795,0.5427218943560949,,-0.8225600547118169,0.3336265624565021,-0.02466411526903501,Moderate,1,1
6,8,2012,0.282685523313264,0.10557762172450101,-0.7433404542145997,-0.38063052899174604,0.6025131664397754,-0.2180779103959848,-0.3258452215046799,0.13413240940662624,-0.26956825375668364,-0.0921639827089687,,0.444765614999612,-0.24147796817612044,0.3998874571844737,Moderate,1,1
23,9,2012,0.17352390738821827,0.4542575314152877,-0.038564718916110324,-0.37811523318950485,0.6091887445001083,0.48975388591458185,0.025659220375810008,0.143784050252447,0.36764295414343096,0.20856173760009591,,0.6956251811289547,-0.455280179548296,0.1759954825416711,Moderate,1,1
14,7,2012,1.0732657371645002,-0.42378800284056195,-0.17375831225507543,-0.38397885268812565,0.7903362927239126,0.5273354656010881,-0.1189293379268349,0.7571117078425411,0.3179586695539115,0.6336777409069263,,0.07939786925224845,0.4305805051990133,1.0410186665737784,Moderate,1,1
7,9,2012,-0.38376693880330814,0.5685946050529449,-0.00038340853026280416,-0.37809149183380586,0.6060175028660958,-0.10683344160441259,-0.18332908367762873,0.19241309356248568,-0.13574167930125616,0.039651756816795225,,0.7166032984817133,-0.5714726574519416,-0.2617723195075317,Moderate,1,1
1,7,2012,0.23640294396342257,0.5268106143406296,-0.7332812132620469,-0.38025839434465813,0.615408832349399,-0.2303132456179737,-0.3768181755351648,0.11471888297715968,-0.28384148344286453,-0.11819357668946984,,0.9145286296554439,-0.35450027303133375,0.48538238502424186,Moderate,1,1
7,6,2012,-0.2711620154360591,0.11908026259746542,-0.2853494375738457,-0.3842445946507561,0.6239522698428569,-0.19102137938439245,0.15437338536284928,0.20020112868693402,-0.022295643593571238,0.08553780331493893,,0.06257636073324004,-0.3405657115698511,-0.232692813651513,Moderate,1,1
22,6,2012,0.05264945069065191,0.49545195077138177,0.4921529971332231,-0.3798397812402685,0.5893025484246122,0.04130066702516785,0.032274460198294,0.23069153356238153,-0.04393124948281889,0.11380239017424396,,0.6607858741863862,-0.4019262672658418,0.11409347817492559,Moderate,1,1
25,6,2012,2.2149162162149407,-1.4871788948284104,-1.646636220272493,-0.34246295494025997,1.0059302716702159,0.3508176023947897,0.09053948380097923,1.4433435328492858,0.30776579675916577,1.0410399161122326,,-1.013273203042007,2.096470468072276,2.126207278745056,Moderate,1,1
10,7,2012,0.22377519303059523,0.4632215315654324,0.5112730547158911,-0.3775703278848169,0.5444769170272773,0.22970316088363163,0.384373532532424,0.12782032283882688,0.29632676983911005,0.21824596899847667,,0.8934689232317945,-0.39496592435948885,0.3756626629879348,Moderate,1,1
3,7,2012,0.2668824628906275,-0.7303021241127874,0.25939358249406025,-0.37787122968714215,0.679942615599085,-0.4045355914345445,-0.5419791463264656,0.5401912618886876,-0.4783263694316205,0.006837782346049577,,-0.7981943517371836,0.39901544096156444,0.09810941657887805,Moderate,1,1
18,9,2012,0.8747730606763777,-1.8688164905881952,-0.04290346584738617,-0.24393656685298273,0.7159704388593631,0.24655846969896567,-0.11399008020720705,0.5670199295718634,0.05550599553431231,0.39810337951391916,,-1.9406945815038847,2.0223220287666153,0.6277493592027283,Moderate,1,1
25,6,2012,0.9914030828350595,1.127778953784386,-0.06888665134789929,-0.3743125922410518,0.38271510472287407,1.5325949499765514,1.1581042073350374,-0.22772890477568603,1.487029878224163,0.22872856197618643,,2.181207105767095,-0.4809429016117943,1.312615333819373,Moderate,1,1
3,7,2012,0.4015965695506832,-0.33658867817273913,0.34826356090538285,-0.38087432851530034,0.6769138091812831,-0.005485238771849754,-0.15168448170416415,0.5104997976589699,-0.10472875391577913,0.3348355952762364,,-0.10967710418764204,0.10624963059454529,0.40695226847012966,Moderate,1,1
25,9,2012,-1.4614763822539503,1.4312625540489317,0.966877030894461,-0.38029569544921366,0.41995648149431813,-0.08137316737917324,0.06361751923497044,-0.005874032642006664,-0.04932062873395661,-0.03142278197571258,,0.746950962084064,-1.1002640448877683,-1.1926593099571559,Moderate,1,1
6,6,2012,0.17352366230883803,-0.6575584709445026,-0.8922355559135536,-0.3812708466587834,0.7500448243042711,-0.17791092723457144,-0.22754845405941573,0.4414552783605589,-0.2179887482228362,0.18516279297591826,,-0.6222613473549179,0.20391521421523048,-0.004661905426312153,Moderate,1,1
8,7,2012,0.3076245529704474,0.2146531794979213,1.1084640058272963,-0.3794101337123603,0.5832092192316397,-0.12463905667201895,-0.1008552138000436,0.46920326392823686,-0.11889764627622282,0.21595615608021226,,0.3756657238600746,-0.15983452111469634,0.4155771500483494,Moderate,1,1
20,6,2012,0.8544335762281583,0.4312253364711469,-0.11224738643099176,-0.3537977962612284,0.4325388215740904,1.61917479307544,1.1882729309740692,-0.12430651014183791,1.5316702522339232,0.3087244771822871,,1.2409248797367196,-0.24750178725998045,1.0425701186358278,Moderate,1,1
2,8,2012,-0.814491583425459,-1.0878792867306841,0.65539087144288,-0.38150707197694067,0.7683117168865963,-0.22526616089679125,-0.3955671783668704,0.9323582111953092,-0.24425762915215538,0.41880449797654545,,-1.6397188358388275,0.3094900068864675,-1.0604727643064018,Moderate,1,1
10,9,2012,0.009465612051621178,-0.0014588675574366133,-0.598955132944692,-0.37893086398893494,0.6304074307263601,-0.3037388598551247,-0.21106809923969266,0.271794356645344,-0.29480974288743894,-0.03126948000475231,,0.045532068071480566,-0.22026315416447156,0.009699473749078778,Moderate,1,1
5,6,2012,0.3184139129752175,0.4922698561763373,0.25732667348953103,-0.38594606716558194,0.5498956344271106,0.4455393062582428,0.3668363211965594,0.09456189915700505,0.46398809692559645,0.2474507041289628,,0.8287398217175126,-0.4165183187240587,0.3089938575665271,Moderate,1,1
7,7,2012,-0.008745481485548358,-1.2744116680424247,-1.8130881000964778,-0.2818830809553712,0.4323866001676706,0.4828859830290562,0.39587434004426897,-0.39064536769518,0.5249855835209759,-0.16866286269375036,,-1.4492318827160027,0.7546071412981512,-0.2527484806347313,Moderate,1,1
24,7,2012,-0.056749531012686025,1.1702492687303392,1.5138024498033584,-0.38073177010501646,0.5217482787740362,2.47812513181046,3.162733641989084,-0.07660448140033368,3.0012769961990684,0.8327228057802851,,1.5802595182776364,-0.8161525473496406,0.2383955236192268,Moderate,1,1
8,9,2012,0.9431564483313408,-1.8100469373479737,-0.1995780776269039,-0.1994629579662634,0.6684701124475387,0.21742299309692503,-0.21099842432175528,0.4066727642560779,0.047369851606560584,0.3058652933072836,,-1.8299263699103776,2.0563785205929057,0.7194614086811401,Moderate,1,1
2,9,2012,1.1035538959500235,-0.5183618532690987,0.7275372233049293,-0.37609966921351834,0.7492656677752905,0.07326053113402395,0.6969796028539097,0.9962439453146708,0.3399598728775709,0.7499346848948736,,0.04163193879953302,0.41348581456001354,1.1566692765494933,Moderate,1,1
7,6,2012,-0.3886691664918431,-0.21954254616274219,-1.1516400827669249,-0.38319797533235506,0.6141075857531495,0.19336860947219509,0.08854893674733325,0.08618995987523936,0.09277666733650147,0.0526828198803309,,-0.4426958619258333,-0.19392984865831783,-0.509555943336554,Moderate,1,1
3,7,2012,-0.2858538824979948,0.23373432392656604,0.7948755252148255,-0.37881213377328543,0.46109115706740633,-0.11662329641371227,0.7003963953887055,0.00740998052512664,0.04281055662631304,0.046926034713420044,,0.2903670425851023,-0.341190723663348,-0.24849666562066272,Moderate,1,1
20,9,2012,0.05231980683669252,-0.6822401203918759,-0.6896449963005821,-0.3838178705867561,0.7234658210292273,0.1435374033444834,-0.06437550275833734,0.4867813707454971,0.00750821652626394,0.34629036858042794,,-0.6405803151592181,0.298422167412037,-0.1804629031707185,Moderate,1,1
31,6,2012,1.0401288960432882,0.5422874693972675,-0.20117417840350849,-0.3702582560396917,0.5141545461084637,1.7732522157598403,1.3496169165260419,0.00919248451386882,1.5509895835919933,0.5589760642452113,,1.523370446148032,-0.19143953751040668,1.145224071526285,Moderate,1,1
6,9,2012,0.1786835794508907,1.2990491649808813,1.6940190906868648,-0.38154795672659153,0.48465854448771284,2.552758012680519,3.126114352795134,-0.04139557105481931,2.900103680206142,0.8379280546392218,,1.840565823681884,-0.782584212074558,0.3844181675831511,Moderate,1,1
23,6,2012,0.3311917396549862,-0.4831911476445478,-0.49865539913611623,-0.38588739153570756,0.7778172699196441,0.6025686329298676,0.6071198426792486,0.6921926028485792,0.6816480056160041,0.7672362384459909,,-0.31828195068972404,0.22947769101140547,0.2531521276987597,Moderate,1,1
12,8,2012,0.3741862174827461,-0.015992054371210054,1.1215320769472374,-0.38412675769127586,0.6369484960603277,-0.15062292978468367,-0.15876704255769977,0.5882760535248283,-0.10422482881142324,0.26595027430779733,,0.41483834469523434,-0.14293213565038845,0.430526033667251,Moderate,1,1
3,9,2012,-0.06944798421827814,0.7487711322981845,-0.20970051612576757,-0.38159149241552287,0.607336010037649,-0.040058313885501136,-0.13540809667925474,0.1435229922305157,-0.04554885288265184,0.03160901169609321,,0.9126811156848755,-0.539663278562596,0.12178437065980116,Moderate,1,1
22,8,2012,0.06751713667689876,0.8153531287973699,-0.1827748268626157,-0.3858564295895058,0.599812056502553,0.8766560556515602,1.5959567990503953,0.20588712867435272,1.1873472800900555,0.6447570909192964,,1.2530974741527114,-0.5250510627623722,0.20838657690700882,Moderate,1,1
7,9,2012,0.8704974260828744,-1.2306732121734592,0.18105132501338467,-0.30535721565851914,0.6215449281166185,-0.32058768807986704,-0.4476670700163063,0.31272475573894915,-0.38731377531936606,-0.030126771563845956,,-1.1197175404540647,1.0028661462647974,0.7426386554195914,Moderate,1,1
16,8,2012,-0.0853477953401861,-0.8972287910067913,-1.4093005391936955,-0.3780482655912127,0.786933926336029,-0.44634127552021813,-0.35846096824338575,0.4124342457299108,-0.402933396418531,0.1090975258355254,,-1.016246414556792,0.32894700141228833,-0.23249610608538096,Moderate,1,1
16,6,2012,0.20421218040421238,1.2296876826637677,-0.07436517369916752,-0.37967158497361764,0.46570430490302267,1.336451122474136,1.4994811298252106,-0.06919246422495615,1.4475817384105867,0.394220401656606,,1.7824082831959513,-0.6869533381175282,0.6183771518721677,Moderate,1,1
19,8,2012,-1.54222701514868,1.2751546474036675,1.0697414118966175,-0.3812998038271928,0.4332264204864849,-0.09830519919817901,0.22249592616426006,-0.033872724907952456,0.019133704706874505,-0.05141445805811362,,0.6688559739162061,-0.979232830229242,-1.4781683774067642,Moderate,1,1
5,8,2012,1.3488175837298182,-1.2228776144334585,-0.9882461110147563,-0.381407389478143,0.9069392149243333,0.01963250919401585,-0.45176970589235294,0.9862081391646389,-0.19951483105781687,0.5007210307641186,,-0.8382272904300961,1.2056986183731864,1.3156677513464115,Moderate,1,1
8,7,2012,0.797598573981612,0.12564054935511804,-0.3136815420818689,-0.27708406772366073,0.25675232043397633,1.5943786940682056,1.5967698230924356,-0.4509390829385702,1.187583112370964,-0.024958139367448562,,0.4977411072845609,-0.07829493706444882,0.8962417220133166,Moderate,1,1
23,6,2012,-0.4726732915685826,0.15997539016697482,-0.4101825654258684,-0.37967216642791063,0.5605512000552909,0.011102891787315237,0.12191877149870832,0.07842165699993064,0.0497835438111228,0.051890891601555966,,0.013516398256942551,-0.40558264169140446,-0.5288641102146172,Moderate,1,1
29,8,2012,0.7433323757157475,-1.2016821076336024,0.5687449822194356,-0.3171871359819877,0.6811767479830475,-0.16564929428889347,-0.42601903211444664,0.7161913870587544,-0.24387533440132428,0.2746703979625754,,-1.1383084695342194,0.9181373540542868,0.598021716051838,Moderate,1,1
1,8,2012,0.7725515306381312,0.10108529184267943,-0.80507346804695,-0.38309361277533593,0.7732498018396156,0.596083449093294,0.6719849855176794,0.5160930934559987,0.7120846581273002,0.7185541415829599,,0.6066959567122725,-0.0917786565768404,0.7691530573250975,Moderate,1,1
13,9,2012,-0.9307545446714929,1.0040302256543039,0.34278155054641957,-0.38645762103759396,0.5484028289990199,-0.15060618289307942,-0.08015346876270676,0.10310672052326289,-0.11609997149086349,0.008509531005545275,,0.6268711955229743,-0.8218536921682554,-0.835353527906145,Moderate,1,1
28,6,2012,0.026378983480240533,-0.4781851118362817,-0.5702847124730375,-0.3815801093328534,0.7703461810337285,0.8385394879993359,0.8685219472730877,0.6624564624139011,0.893467478237617,0.8834023451539058,,-0.5984062469927462,0.17898301526293814,-0.10165489947687183,Moderate,1,1
9,8,2012,-0.8242956816892005,-0.45559801818942525,-0.6199430759973913,-0.38211136402998075,0.8171210377598328,-0.20826198110238403,-0.19517355121472194,0.7246775105634844,-0.2935664889916582,0.32719769940989685,,-0.8378528780491242,-0.11708624419382399,-0.89047353768099,Moderate,1,1
14,9,2012,0.2246680197928992,0.42205335499909563,-0.25794351960412737,-0.3845417253330186,0.5979512833895975,0.7209995997238499,0.16191202419461542,0.16648960918056244,0.5260689679173716,0.3358512323194494,,0.7894366531190767,-0.2991326051873631,0.45285205608344786,Moderate,1,1
29,9,2012,1.1116970264390615,-0.4724249855826072,-0.13617623253037964,-0.37616581115677183,0.798434935863973,0.5279559263508783,-0.11601726201438302,0.8343804034604033,0.33956231638543694,0.6921209653865634,,0.04736329448620365,0.38795318196427214,1.0937821001138734,Moderate,1,1
31,9,2012,-0.5839694244785726,0.6649945486797955,-0.17951081077856537,-0.37754608129965894,0.6105954344892641,-0.1829479546403684,-0.188853729056301,0.17998617295980002,-0.24051480032472633,0.012687639319285265,,0.5422316338162223,-0.562033471423433,-0.4713026840011332,Moderate,1,1
21,6,2012,0.4664483026800435,0.1415945406824094,-0.7468939703675219,-0.38443999672599277,0.6933317168626807,0.4991166721389762,0.7773714020668219,0.36171077320070205,0.6838522200925135,0.5499883852323693,,0.5852121803923148,-0.13043989783125004,0.5762673523280085,Moderate,1,1
22,6,2012,0.9281483425081003,0.16022592455901005,0.150017321882565,-0.37843376609793083,0.6074192344269133,-0.14246887369255412,-0.493439057355257,0.3032709513458674,-0.3089931571257881,0.05779052653157295,,0.9450548423026539,-0.06482880667413729,1.1654729097333756,Moderate,1,1
20,8,2012,-0.2076393274925432,0.2173263147867025,-0.44609413785965696,-0.3785510904707336,0.4945968737321746,-0.14200497590853217,0.12073539680711862,-0.07534447676609694,-0.04548792505195606,-0.12192268912492642,,0.14678049210841776,-0.3944059758339665,-0.3976431010735304,Moderate,1,1
9,7,2012,-1.3500066806390163,0.9794353796723362,1.1592184661782203,-0.3782591199214941,0.4907920061503498,0.053600094852782464,0.33723701181100085,0.1475936478124074,0.18500045864775586,0.15741200521752088,,0.3130850688059298,-0.831599713589393,-1.3757447034114385,Moderate,1,1
28,6,2012,0.38021538759885887,0.7280673802381548,-0.2656485573493863,-0.3771558856136165,0.5527007428425404,-0.2832795890061173,-0.4379715394727997,0.06804739556279928,-0.36625995180489307,-0.11110996621022504,,1.165340860668175,-0.4010963476066727,0.48458258939531,Moderate,1,1
2,6,2012,-0.0854600773763708,0.21401181586589407,0.4267277549906397,-0.3816392330512108,0.6036899908933578,0.1319767466862426,0.1717938072852646,0.2786211841470001,0.16159147316928615,0.28149942899639757,,0.4056659377190057,-0.43535568720914924,-0.11113592284421087,Moderate,1,1
2,6,2012,-0.4553443520337488,0.5733592331319473,-0.282145292553552,-0.37977169791501636,0.5848452808667571,-0.24152968799878619,-0.20497698448249338,0.06446632055125531,-0.22718422845847105,-0.032165159090506185,,0.5829360010331763,-0.6428314650133804,-0.4316479720678008,Moderate,1,1
19,7,2012,2.049442835478162,-1.904308509346461,-0.4504019613477397,-0.37027645556880506,1.0265026202115362,-0.23739962557231334,-0.5205769654549978,1.943038977770938,-0.3770023875374199,0.8204660373863688,,-1.487189426274817,2.5044625562852287,2.0084884094645012,Moderate,1,1
26,8,2012,0.7362159408528797,-0.17333061215167764,0.6177477682949569,-0.38332882548409314,0.6777710218272885,-0.02361035002510075,-0.007102890798424917,0.636172114124212,0.03645335289555684,0.37994213184217046,,0.2355393696847422,0.11191880762075032,0.7723009017810332,Moderate,1,1
26,6,2012,0.5008090054501867,-0.6882608843086915,-0.03665751227799943,-0.267852527593865,0.4599998717883107,0.5759964063307039,1.4916405805868187,0.11423174897207745,0.9163684468485985,0.3323767596203834,,-0.5532759348201481,0.4475727225877237,0.39806357332312203,Moderate,1,1
22,6,2012,0.7194171132868028,-0.21881838692535793,0.42940194050258923,-0.3820219685539269,0.673321583627425,0.017726675566723388,0.04639437163257745,0.49029307104056,0.06219362920510505,0.35191118542929634,,0.14617740861174142,0.04766984868308248,0.6975205480413846,Moderate,1,1
12,7,2012,-0.38821905716065364,0.38435697047294975,-0.40429739959687966,-0.3798939382099478,0.5041824942547665,-0.20386554018493136,-0.034953789490274514,-0.08792527379544358,-0.10768391071902948,-0.1514480628934649,,0.27900518037012145,-0.5145692329356958,-0.44099210535170774,Moderate,1,1
12,9,2012,-0.4544566411999332,0.35490682369072557,-0.3826322714057603,-0.37727153780757033,0.5162433001334578,-0.1954060127130506,0.020440779410738172,-0.0886368917701112,-0.056096598517573204,-0.07109444540087399,,0.18407914073455064,-0.5079802227372314,-0.4212230472754473,Moderate,1,1
14,9,2012,-0.07347474179495084,0.3877709218207392,0.062484273546283,-0.38220610307010655,0.6121696226186051,0.003607793707952431,-0.011115313419417357,0.2529182558502473,0.03176877170970949,0.13966295564165165,,0.4970282748864077,-0.4124423868319453,0.03092750491075545,Moderate,1,1
8,7,2012,1.008065371265279,-0.4929442351749629,-0.6166510091878472,-0.2966198944073017,0.5108685356363295,0.20904496141154097,0.5559338724653106,0.21405678717980317,0.3319291492976582,0.21392825389248799,,-0.007366329787458922,0.40460043407145685,1.0729533804548927,Moderate,1,1
13,6,2012,0.48416458313460664,0.15507262454621815,-0.6681065643273782,-0.3841617016670877,0.7187313128418771,0.5244882602218328,0.8367171907584651,0.3649468543933538,0.681938292861056,0.5688444516359479,,0.5905704554966279,-0.14682798909863085,0.6548578354231457,Moderate,1,1
4,6,2012,-0.5199252138881377,-0.8672467604682776,-2.0453940920744356,-0.36639156322346333,0.5886197290420753,0.4121323698031234,0.3235720731140053,-0.089099669712341,0.4868612385916804,0.054243989175419394,,-1.2106415962835584,0.1676579580257746,-0.7320785215054528,Moderate,1,1
10,9,2012,0.1817986805114444,-0.6814504231615823,-0.6007004119340369,-0.37872841179558,0.7617939341474528,0.6872502729803547,0.8415352615598715,0.6258150222336918,0.8563620651368175,0.8454009691929298,,-0.7186129039690986,0.3277141006147996,0.02330174470871023,Moderate,1,1
30,7,2012,-0.8559734513996062,1.1146347524360332,0.29145783319641855,-0.38060465673240196,0.527263170395236,-0.139895600063838,-0.13802225160814033,0.08507243131599025,-0.1273969695451965,-0.039065651974393996,,0.7431517695870802,-0.8042305831678848,-0.7186805422522009,Moderate,1,1
22,6,2012,0.654358728108711,0.4245821279242309,0.24154200298949502,-0.37883800954658076,0.6100011205990508,-0.05796219359419022,-0.3796907863213237,0.2821262151805514,-0.21215600086057618,0.12158607360529639,,0.9661825024903512,-0.14642703641161509,0.7948244043560323,Moderate,1,1
5,9,2012,0.19263920661215309,0.721574859348104,-0.2772468020976791,-0.37820469406409235,0.5792329737288265,-0.14581122901792096,-0.38747682282581547,0.17693643329104314,-0.18065587924512427,-0.03799926268189269,,1.077342730788803,-0.4486831240160624,0.3415888749687006,Moderate,1,1
9,8,2012,-0.5715293693332056,-1.2195558664406474,-1.997401178656623,-0.3488584832754585,0.5511486333036885,0.5559194132904649,0.4444290152642745,-0.09379036148369226,0.6191292677295953,0.02163297758192407,,-1.5499720911041222,0.4152391660400106,-0.7729207566928483,Moderate,1,1
9,7,2012,1.5561713912657207,-1.284397389706671,-1.344634698396496,-0.3605383280312148,0.9251083812764088,0.1717774306706998,-0.16630499334833898,0.9771343063957181,0.08844302199654583,0.6524070054243299,,-0.9184076924965799,1.3667772610971338,1.4967106386801454,Moderate,1,1
9,7,2012,-0.3204288247624081,0.14800490738570699,0.8689167166523242,-0.38206759081633396,0.5914448916858346,0.26581729115000136,0.5653773903992115,0.4132927681181001,0.3538277817552739,0.37719930204516516,,-0.049794905889501306,-0.38383450764219756,-0.38357794671573625,Moderate,1,1
22,6,2012,-0.28189457745133933,0.09624449953734177,0.0406672347147002,-0.3816110089992675,0.5900157362814497,-0.08158520267013072,0.45679894585281144,0.18713655549485775,0.17652810482335152,0.1408186088892666,,0.11501810065857467,-0.37226027972635073,-0.3402335773793968,Moderate,1,1
28,9,2012,0.8076917195345903,-0.24419099135061337,0.4241397329782227,-0.3777329071245485,0.6962625853981922,0.07193901530379819,-0.10987208687355327,0.5190397838760439,0.03725920272647768,0.3418818844157503,,0.5573430240045013,0.1725891148133121,1.016193493342105,Moderate,1,1
23,9,2012,0.6967013777801581,0.4921314410451302,0.039135306030712906,-0.3801221662130393,0.5297877154137501,-0.32950377244454865,-0.6559512620566224,0.08343049290450213,-0.42663564217146766,-0.17473565272814903,,1.103197972699964,-0.3064931568282574,0.7552068034336594,Moderate,1,1
16,6,2012,0.4333003426849027,0.18743354543534646,-0.3867526202252621,-0.3870986262749664,0.6375301229738293,0.5071114088839794,0.8564808310484094,0.2433990187878184,0.6677362325375426,0.4563595739991844,,0.5505562549800638,-0.2007549162362623,0.5819893927451352,Moderate,1,1
5,8,2012,0.06034869137184138,0.8577831089380099,-0.1796654104782409,-0.38436867955240006,0.5835710942738737,1.0211885750490801,1.5288510429073234,0.10188390102527176,1.284104842826611,0.6256308993133659,,1.1685037730751175,-0.5437126051773823,0.25349109274526427,Moderate,1,1
5,6,2012,-0.4639401304705281,-0.5862376222453103,-0.4404443618302488,-0.3796461186554224,0.7131114349689189,-0.5158165163338423,-0.34591316332694055,0.4061508022451693,-0.5399060015107975,-0.021039327849033534,,-0.9053458077981341,0.010716448377897413,-0.6872682183564225,Moderate,1,1
26,7,2012,0.6991054768459258,-0.1606540488770332,0.43302166503563405,-0.3847807549147394,0.6700248850986289,0.11159905560751437,0.0689453547796585,0.5612616915956058,0.06980992905559842,0.44013518472641633,,0.23716569843347876,0.09834656362727702,0.807633304939393,Moderate,1,1
22,8,2012,0.5025591643983146,-0.2779638634869414,0.3639746075067856,-0.38430647683322,0.6535266369194035,0.025975713465810065,-0.01990213924398453,0.5015770991540138,0.05252185128322255,0.36566055397679337,,0.08375790487637426,0.13545701256065895,0.5636479986473469,Moderate,1,1
16,6,2012,1.281776816247684,-1.2036910739192437,-0.9750436214417421,-0.3817887542371268,0.8775667451333149,-0.07898265666315836,-0.6077493677902779,0.9211557811188295,-0.3153314084409889,0.46980199547709345,,-0.9444811952569871,1.1994152524953685,1.2073600519598535,Moderate,1,1
18,8,2012,0.006060638671843831,0.9191404965656556,-0.3640843168425464,-0.38098963940393343,0.604809413344501,-0.1767272414716594,-0.27887053290425556,0.16168887282579988,-0.2576844459985608,-0.023342300356097613,,1.1727832745672413,-0.4959655377316241,0.15611852284208388,Moderate,1,1
27,6,2012,0.5580347308221365,0.3354884542950843,-0.21901015182184425,-0.34307602868883497,0.39905319760880226,1.3576023743103818,1.130367052670948,-0.24271309613329745,1.297724194702245,0.23988788513382275,,0.9234271781577658,-0.2639584822886231,0.7463957795766017,Moderate,1,1
26,8,2012,0.916423178579665,-0.07663981939350971,0.33460750691276536,-0.3863159955977281,0.6957501103882344,-0.014688041942825733,-0.17600808442216845,0.5862399202071968,0.051885860275845866,0.372923145736807,,0.4706354175689621,0.06566364316081086,1.0459941075738663,Moderate,1,1
3,7,2012,0.6217556054722022,-1.184053349345551,0.2144112481479549,-0.38376705995147314,0.8900482981002426,0.18367828856688087,-0.588184699222966,1.3436354077422574,-0.009039846887780412,0.8350723298080357,,-1.1257089245365395,0.915255063673792,0.48577446029162924,Moderate,1,1
13,6,2012,1.07052585036748,-0.21025052864469268,0.05259224992111888,-0.38223246446091397,0.7473155449476903,0.2972294407495567,-0.2536848180429683,0.6309985445793354,0.06668786409525267,0.4822337654918882,,0.40010770353230307,0.2334085047889244,1.0945353154230457,Moderate,1,1
2,9,2012,-0.8848271665479898,-0.9334062238367151,0.8671731210607869,-0.381206871986835,0.7704193230055132,-0.19623917114798486,-0.38463120118038957,1.0373793454956883,-0.27181322288269416,0.4630059655901815,,-1.5184389009269115,0.33825229415166375,-1.0546197179076595,Moderate,1,1
12,7,2012,0.8106320617626476,-1.1269729142368277,-0.29568514006836955,-0.3782724814056466,0.8617154481926181,0.03344635199415956,-0.6006157783290587,1.1654370713471593,-0.12806103657361212,0.6150076620466725,,-1.151934367416692,0.9798828043246073,0.7145409494279713,Moderate,1,1
20,9,2012,1.8322767062238632,-1.3413416900950044,-1.2904800178027922,-0.22269634602882638,0.7097799369185078,0.1786778904130416,-0.07039036061168255,0.4011091635602991,0.14128445615917506,0.3147371441757004,,-0.8558682386116235,1.5857221575494378,1.834409937503331,Moderate,1,1
7,9,2012,0.0847447225448437,0.8880157225101937,-0.17768091372474099,-0.3849937802677991,0.59338257004204,0.8966151579959118,1.5020687778516102,0.2166646714559195,1.219456698881186,0.5856512395913053,,1.234132158815763,-0.5817296604683608,0.3040927373375866,Moderate,1,1
5,6,2012,1.2763343953604012,-0.4315815340248672,-0.1833813025319636,-0.3820953031549246,0.7993648577125009,0.928031285212809,0.24244975658759224,0.8524897365982189,0.6213343621189044,0.9204963028068447,,0.20988751156230456,0.44298406719982564,1.2456286925639959,Moderate,1,1
16,8,2012,1.8461271566067465,-1.468988319817307,-0.6413168761218127,-0.3179971995771587,0.8657192954362751,0.05868696234218734,-0.31688052342795864,0.9617118422098473,-0.028911925998660812,0.5892161980573862,,-1.0349061682019516,1.7073599598152005,1.8054675342910271,Moderate,1,1
17,7,2012,0.502810321617079,-1.2882405765450635,0.522957759296333,-0.3444277002065443,0.7875742474958303,0.5148440976886068,-0.04938878482786285,2.6395077392188973,0.262701429287288,0.8495165689951077,,-1.3300706877875612,0.9955258302512671,0.3134158292817819,Moderate,1,1
23,8,2012,0.2861842106653671,-1.1488808485728148,-1.4338375502779723,-0.2645633382626359,0.4282179543716886,0.4227979206956139,0.3166272459568104,-0.307136755780384,0.4115941521963236,-0.19847407195895894,,-1.2553879083437565,0.7774551546460517,0.011413130200067664,Moderate,1,1
1,8,2012,-0.33469216289098724,0.38099326057278265,-0.5316037024219603,-0.3791891594026996,0.5221899964580744,-0.19745841463565092,-0.14679835629952717,-0.007083403031841247,-0.16013164178771455,-0.15060440860734936,,0.32872734617886606,-0.49071840763649666,-0.22084927852415703,Moderate,1,1
8,7,2012,0.6417584240033337,-0.346114022783432,-0.1668025657474941,-0.3822636358083224,0.7466262893708047,0.6810772748410937,0.3165217026833173,0.6348374575908883,0.5953035219500044,0.698828967266487,,0.005974052877824723,0.15508170908587093,0.6249666859366352,Moderate,1,1
25,8,2012,-0.17830319746951692,1.2720054891349903,0.5661239736525271,-0.37765269175385047,0.45812333010817463,0.4148311610075767,-0.167667720253222,0.006769628453577082,0.27025815910961004,0.07355180214389123,,1.5859346723599905,-0.7950437478701937,-0.009120437072177048,Moderate,1,1
22,7,2012,0.21043009720058234,0.8739931276504642,-0.17444088751589718,-0.38261414489362555,0.5963404500802598,0.8279624888600243,1.458137724458147,0.1786282275248502,1.074652973794773,0.5601825842475735,,1.3332831722719556,-0.5830928800472257,0.34158524814628766,Moderate,1,1
28,9,2012,1.0098648682782878,-1.2604605706365035,-0.6632476116224563,-0.3395415413231457,0.7419816277276945,-0.09780854904680769,-0.5290722357440386,0.59961399680857,-0.2429391968925148,0.23651463553031715,,-1.0889346142424192,1.1562955968366113,0.8074635663168156,Moderate,1,1
26,9,2012,0.6597298072576206,-0.13402494072329188,0.31515769671842914,-0.37579528259428374,0.7138444082749863,0.1989285700574189,-0.041336975549990884,0.68053883896984,0.08377647801499892,0.49899983930023023,,0.20186700630723778,0.01602382122852438,0.6619628420949962,Moderate,1,1
27,6,2012,0.7482665653173068,-0.41137481412227306,-0.626522794148141,-0.3819797339785454,0.773043934482815,0.3462734236970564,0.4705719505908181,0.6083772019216235,0.4541267232078408,0.6053727227966073,,0.027337058182073125,0.2908675197234502,0.8476174541620873,Moderate,1,1
16,8,2012,1.079382723064955,-0.44078579580836413,0.15532484429916327,-0.37571635170070455,0.7781264638198663,0.7232518256780706,0.1483861702507221,0.7840221611898132,0.4870965304335442,0.7883462573861053,,0.10547400168712287,0.41912053213131634,1.0942715295012564,Moderate,1,1
30,9,2012,0.7170983931678665,-0.3442025967048904,0.07221956398641996,-0.38152049571164937,0.7338895391213813,0.4574018975016067,-0.09930233251194841,0.7506885837640492,0.21765224921009285,0.6060789688043193,,0.17783233791853376,0.1573233843929621,0.7708196133899881,Moderate,1,1
13,6,2012,-0.040152724284252504,-0.5181940354032979,-1.2663175000086115,-0.3815008134087534,0.7094890673355979,-0.10591653544394747,-0.12522444929394808,0.2589419811970272,-0.1102977810673042,0.09773717233312307,,-0.5929462399250885,0.09592424056748546,-0.22973758950014364,Moderate,1,1
28,8,2012,-0.7391961890535601,-0.39190576272435884,-0.8766073723836283,-0.3764604603864555,0.769868913527644,-0.07671121112796259,-0.0893506488566552,0.5690640476192841,-0.11466816359269247,0.3008885644198233,,-0.8121550254869729,-0.19797593865301216,-0.9709947216513701,Moderate,1,1
13,9,2012,1.1566936549314881,-0.4641296320050526,0.11555093576065802,-0.3795103636258363,0.7853793636285694,0.3814482320874558,0.18499332364113813,0.8784800200555518,0.40725026469756875,0.7391413726078613,,0.11681528624168996,0.4300961097493576,1.207143081881664,Moderate,1,1
14,6,2012,0.9138580329491834,-0.5201411248210043,-0.3920359303112769,-0.37952924772615776,0.7779083610958106,0.4172318981314264,0.1277996700348927,0.6627403248562928,0.36970561711988287,0.6366280955609097,,0.011076217518145016,0.3671154703349124,1.004300897418664,Moderate,1,1
22,8,2012,1.1986179004239985,-1.2269295710603527,-0.9297534421131896,-0.3206875975101066,0.7667557204879536,-0.20406240494928043,-0.5226018582192764,0.596382809444152,-0.2885493011322933,0.19320188864971521,,-0.8949997744105612,1.164786667995701,1.0975224611180792,Moderate,1,1
13,9,2012,0.3809876006534207,-0.7379973843269007,0.328272636253928,-0.3627823132865718,0.6010635737838556,-0.5274542695813168,-0.605687412671982,0.30325606406756656,-0.602825703605426,-0.17614029671959447,,-0.7684104491739723,0.3962043940761435,0.21361551090587066,Moderate,1,1
5,7,2012,-0.8286285945203172,0.9997736737036063,-0.18240306091581518,-0.3794359079708344,0.5584175783536481,-0.2383581993635555,-0.21126575075703558,0.04703111356849947,-0.2062521376963168,-0.0796407768760867,,0.703611659402931,-0.8485103383454342,-0.7192673101232148,Moderate,1,1
28,6,2012,0.6086003641478683,-1.1461278984617054,0.4487859924167089,-0.3034365921834996,0.566480443456444,-0.4594228531942576,-0.37972503133176866,0.2408578340098259,-0.5410422943518844,-0.13618384512267587,,-1.2072622518804421,0.8803136659339699,0.5223315495386214,Moderate,1,1
15,7,2012,0.8652592628164217,-0.16372902740794243,0.12818328598429374,-0.3823844959389245,0.69783074421914,0.24029649498263544,-0.2523126204431534,0.5917918883544823,0.0669196213106236,0.4222957624710659,,0.4731379371258047,0.05720620128584321,0.8486904552386851,Moderate,1,1
29,7,2012,-0.04863648468096908,-0.547696032432246,-0.7149332601078805,-0.3773472052634593,0.7863615004279292,0.5672914986983907,0.43336802431909177,0.5515006590873447,0.5907970903547174,0.6879742049332467,,-0.7066831792578495,0.19357889463421418,-0.19751717257424473,Moderate,1,1
13,8,2012,1.0187521189747015,-0.41470309786952264,-0.0833731149194993,-0.3809835528981223,0.7841254464935264,0.49022365420639563,-0.1543147179945609,0.6829409254234169,0.20857119858705822,0.6363746915399652,,0.06916269300703086,0.3234092835663035,1.119855325933255,Moderate,1,1
31,7,2012,0.1158718160394441,0.35500314355224705,1.023928291404364,-0.38214888744919306,0.557701888153497,-0.23763686681268925,0.05506236297406941,0.2841185806364066,-0.11638169979612237,0.12334547295699448,,0.6370042645472297,-0.3304555191251195,0.23520196729421722,Moderate,1,1
19,7,2012,0.05984993515496666,0.5538203535906528,0.3691957743761969,-0.3849197277866864,0.5708461380092951,0.10046539055423528,0.18019498067278494,0.1780127366711671,0.19976835312700564,0.18163798762710237,,0.6272031273020633,-0.45358627390124945,0.2060664962402679,Moderate,1,1
24,9,2012,1.0402936630066333,-1.5538089088409777,-0.5668416340356551,-0.16104838616226172,0.5178362971120988,0.09823896653238429,-0.2190521394156372,-0.004764999719050547,0.02818663685164435,-0.037330003306865936,,-1.4836635034567904,1.4987734461141338,0.9068910658601488,Moderate,1,1
24,8,2012,0.06485826647010041,0.9975436810288126,0.508134073259142,-0.38751921782696713,0.48714129978315723,0.4116894919437993,0.060993036979773624,0.06616392614732068,0.2967707730818305,0.15376957614656592,,1.3755312061416294,-0.5861706368017526,0.2618385501595831,Moderate,1,1
7,9,2012,-0.3010945728743582,0.1011822273674763,-0.45580107554503746,-0.380452692817888,0.5465635115356671,-0.09109367631420347,0.18233890428065821,0.07323375183632481,0.01096028094327467,0.006148337332440964,,0.1325668644191208,-0.3144705737123292,-0.33578646611703955,Moderate,1,1
26,8,2012,0.7769150238658805,-0.9927882024334701,0.5547524743788268,-0.2845206869074931,0.52835014702455,-0.43303951696334086,-0.4482420338964255,0.08634857139889485,-0.4426383248211023,-0.1748264874142318,,-0.8858632921991326,0.7327423889950595,0.6664234997168345,Moderate,1,1
30,9,2012,-0.1730559526839387,0.2935985906547496,-0.016366590817751717,-0.37947205478839213,0.6138558362117917,0.0267909800575129,0.19941653208490087,0.2156813899158638,0.07349906929344723,0.19059210159369652,,0.2855495347297748,-0.38659639081718716,-0.15638748485311996,Moderate,1,1
21,6,2012,0.22016603090755937,-0.4922607555613973,0.1227860729464734,-0.38373489693174295,0.6781740040917676,-0.01172157960736775,-0.3154158978003611,0.4003088564542218,-0.1672339860594685,0.1787849858904273,,-0.3523126540649687,0.15138450342620838,0.16163024497246714,Moderate,1,1
30,9,2012,-0.5698187033903307,-1.311303891858389,-0.16985651662551798,-0.37865900783883827,0.8120479319020147,-0.17638325126691545,-0.47990401106230274,0.8537753311212241,-0.22046446940963552,0.3764797492037848,,-1.8603800273119544,0.6932145356544377,-0.9895147708099431,Moderate,1,1
27,9,2012,0.653579625665169,-0.14877978740306358,0.12899258389930351,-0.3817007765667096,0.7010335666638144,0.3066369112646567,-0.08643514242073652,0.6206754452648081,0.08412292064187046,0.48221409153956424,,0.29257248472552605,0.023193507622617328,0.7496746341051354,Moderate,1,1
21,6,2012,0.47934336371738145,0.7319103059801835,-0.1792317262843635,-0.36735512508939294,0.5318977943865829,0.9780233017576105,1.2367132905993143,0.013798987890104225,1.2051539804011917,0.43912881003797727,,1.2650666259425751,-0.4000085990445057,0.626703285316522,Moderate,1,1
15,7,2012,-0.7436550439700378,-1.2623816114437199,-2.45019867171706,-0.340972356365123,0.4648582275029672,0.6799951978634141,0.6345309043911667,-0.32777945588847,0.6559746282465023,-0.1255795020523784,,-1.7685379670466532,0.5186004881748816,-1.0852333118872566,Moderate,1,1
27,7,2012,0.21793913070010842,-0.7771310656913518,0.16642172666313831,-0.3789157996241,0.6682022811405581,-0.4076047998277457,-0.5358881573164123,0.526265084118801,-0.5535537624144382,0.03369841065992302,,-0.7869523102939514,0.3272125090519885,-0.014404239140371727,Moderate,1,1
6,7,2012,0.3414791319844181,0.25434669742396027,-0.6250993601932862,-0.3851910819008059,0.6623847742682981,0.5686554768148925,0.887034286407128,0.27480214362499034,0.7470776038033122,0.5083761362057402,,0.5445004030969353,-0.26774973495756105,0.4720272107567251,Moderate,1,1
22,7,2012,0.8112905491239728,-1.3933392419658825,0.4897375466930807,-0.38071879161146094,0.9643509714887043,2.8763851961234455,2.055569811158409,1.9363658467575058,2.6405402438131347,2.71461619783631,,-1.3625789391538068,1.244090734269295,0.6656778720040216,Severe,2,2
5,7,2012,-0.05674912713010911,-1.0095666505005014,1.5655261095837785,-0.38115478420630455,0.8466203735633704,0.29939248429779586,-0.017579040343567977,1.7253849826015386,0.3297092025673914,1.2105124565407164,,-1.3581078127985664,0.4851050743168175,-0.15653397596293706,Severe,2,2
4,7,2012,1.2283204325350616,-1.635790604474821,-0.8618066865335472,-0.36829988964976196,0.9666950432983276,0.7029329939042435,0.2893419988969662,1.3241583948334175,0.5499111065130302,1.2050683925330263,,-1.4919957336830911,1.8947314115470344,1.0668377986956887,Severe,2,2
3,7,2012,1.1756144170957445,-0.6019571472236032,-0.19830593747464192,-0.3830061400992622,0.816686593123285,2.011299391935725,1.9721023166281455,1.0543617391138282,2.0903947331942234,1.743370249715298,,-0.05476043064037068,0.48907007608129954,1.3167452178039363,Severe,2,2
22,9,2012,0.4846899522441226,0.140516890297049,-0.04878458880183954,-0.3809833544375264,0.7450872014025823,2.436467581999586,2.3902314738294246,0.7976052165205382,2.504833532623944,1.6532235348016358,,0.33746226734237994,-0.09013060585646405,0.5437460190515343,Severe,2,2
20,9,2012,0.7422479689546764,-1.1836657203945362,-1.0975630751247936,-0.3835964961947649,0.9564565634582949,0.8146475106623989,0.6994796791842545,1.3608094523575014,0.8375224564317962,1.2673806503540286,,-0.8969371182992428,0.7589738948703894,0.6213708549007548,Severe,2,2
4,8,2012,0.5424274803084392,-1.2520063566258421,-0.028362557931045224,-0.38131712754652614,0.9743828033885081,3.926605008020929,2.565918730862504,1.7753098260425675,3.440285047307186,2.962760081607279,,-1.365488787182494,1.0671557769595854,0.2869738973801408,Severe,2,2
16,7,2012,0.5992153296482908,-1.1375172073658522,-0.9442606291371862,-0.3849267933694531,0.9855939388906519,0.9837035688688005,0.16854583423712913,1.4446055370335829,0.8099064707059395,1.4360196634664393,,-1.0481440616346736,0.9146033210389339,0.4697573034289545,Severe,2,2
25,8,2012,1.0664281344929933,-0.6095998818591434,1.1562355866730485,-0.3792507190212026,0.8089998924623498,0.2718036357452801,1.0906395719287272,1.285066510815553,0.6404968980382266,1.1682373393633345,,-0.13063477847538787,0.49499952128856567,1.037267596839792,Severe,2,2
8,7,2012,1.4614459272736118,-1.5459781348068038,-0.7664451382398032,-0.3813448490239591,1.031208687542564,0.5852172827942749,0.05565152644073807,1.8153512136205059,0.43689909059501897,1.4245063549693544,,-1.4000782703938073,1.6769740956776071,1.305499432723459,Severe,2,2
19,8,2012,1.060656186765941,-0.8490799324903138,-0.4188714840297039,-0.38093410564958197,0.8554203951762709,1.023459376158961,1.1281765213465795,1.0600645905788446,0.993555123113878,1.1836396503541398,,-0.5644919281007117,0.7296143107641093,0.99468209381921,Severe,2,2
10,6,2012,1.2061546581485698,-1.8677348432885417,-0.9411917802639919,-0.34830749116584986,0.9403660566897692,0.8514903968024659,0.43358232982222966,1.3093183662295105,0.6594732876225754,1.2521522889432564,,-1.8545890008905126,2.191006471306537,0.9223796367428203,Severe,2,2
9,8,2012,0.7716478115491033,0.3542796152055357,1.0135451222964194,-0.38379547909951633,0.7155248716070765,1.0483105067337861,1.8390083037139306,0.8319281557682552,1.3491140314029926,1.3190654855625548,,0.925418475553994,-0.10890590309328324,0.9850477086584319,Severe,2,2
13,6,2012,2.2958109780635954,-2.2873770145095733,-1.0004895944369392,-0.3831777243750985,1.1955084474438247,0.7839549611804851,0.06384515935361718,2.8418560808056625,0.5315011755074706,2.041315248474496,,-2.117618104940572,4.05200335746643,2.1624005355153577,Severe,2,2
11,8,2012,0.9293814694219263,-1.0138909659193314,-0.9829826394935809,-0.38095494572619354,0.9105819997490429,0.6853248199499489,1.0096760340696123,1.068955311865859,0.8974400585029233,1.1935702428573742,,-0.8060311078046621,0.8087325719526187,0.7878024243581264,Severe,2,2
16,8,2012,1.0564341351086646,-0.7916495376524247,0.4934067736964665,-0.38348524270283624,0.8359896634836093,1.2828303759432542,0.6431264043242872,1.1740133720816537,0.9233859624025046,1.2777057436055208,,-0.37695107275452555,0.5798279451651063,1.0131453800454242,Severe,2,2
7,6,2012,0.9218941541258495,-2.035514334412388,-0.9184158339231742,-0.3819094106591755,1.060414777007538,0.9182035107244155,0.13068505911288492,1.8550394075645493,0.6245625763867639,1.5952633479782203,,-2.083920449837665,2.2713854523063386,0.6819506220570868,Severe,2,2
13,8,2012,1.7158990308135105,-1.8482149415026463,-0.49614658289090485,-0.3807687328803599,1.072588863891849,0.9000289271155444,-0.028371324158339345,2.2129224699715664,0.5200310584318383,1.6905670356741413,,-1.7006757256474372,2.4859251221654777,1.4875611661423396,Severe,2,2
20,6,2012,1.4647566649456052,-1.5772534137221197,-0.7178670134990421,-0.3815370289980881,0.9943515426838355,0.617522391832392,0.051826710014792235,1.6934607957787968,0.3662275123041471,1.2139389999148869,,-1.407051264090971,1.765355584809868,1.2491201990469114,Severe,2,2
13,7,2012,1.0311594155257646,-0.27879055940384934,1.2229006588108597,-0.3830860628384739,0.773953671144773,1.163147778766035,1.8306035317397127,1.117506535774345,1.3965529106592462,1.4809847265299876,,0.37977542723141655,0.22045788989351472,1.084922888537886,Severe,2,2
21,6,2012,1.84245476082124,-2.1493535132998467,0.11513367078574567,-0.3812901210783568,1.139216520638517,1.0429371481857823,0.08052141785724544,2.9562200080982244,0.7708564912631148,2.3356512091866843,,-2.0316288195191716,3.073179560826899,1.65272895044665,Severe,2,2
4,8,2012,0.6768602454911952,-0.010700377633891818,-0.07305530677326869,-0.38271558248590687,0.7802525768326841,2.4706835069911124,3.00459938921402,0.7688056234094484,2.838432667627505,1.7902476815726402,,0.3817699567999305,0.021702666797805817,0.7917176169354048,Severe,2,2
5,8,2012,-0.14774952652919332,-1.0964163664774598,1.2983740840134643,-0.3812470559444747,0.9397773017064724,1.5318799901676037,0.36398054163592464,2.0828124518210025,1.256445287103375,2.0456184893692666,,-1.1986540381219395,0.5936234286100119,-0.34140783652718243,Severe,2,2
27,7,2012,0.639239848252852,-0.8682241288572398,-0.3376396798714358,-0.38101920613632256,0.8108747905265746,0.7458523773532746,2.028556287490635,0.872924900398013,1.269501125936679,1.1517496742362188,,-0.6903023571976009,0.5704920819336096,0.5646303574731975,Severe,2,2
15,9,2012,0.6583721011217478,-0.24819603776620203,1.1277286851916433,-0.38303898042039286,0.7949419843849083,0.62112903314864,1.1202696886625032,1.1295276427535954,0.9237244382607388,1.226745217873604,,0.18006714111788996,0.1483846912151657,0.6545190486732148,Severe,2,2
19,8,2012,1.183372512106358,-0.47491555038304273,-0.5320835554134888,-0.3837036742460886,0.8060903881438937,2.1742864972165465,1.7935615279997048,0.8145741641735019,2.13239923035395,1.585213474164766,,-0.0069341800457482505,0.5538276802779005,1.2270151878426105,Severe,2,2
23,8,2012,-0.14642304850039506,0.5915590433592879,0.6613275573963225,-0.3807967349289672,0.6734387834796126,2.2435969461805905,1.1398316666316914,0.6479827625761441,1.8659767517569787,1.3328930405971455,,0.8506766329153772,-0.39044359427645353,0.053451609264658306,Severe,2,2
5,6,2012,0.8514599893599787,-0.13491707945513293,1.3147921460630658,-0.3798717882333712,0.7931135119263799,0.7522644305178716,1.5759354142233826,1.0992335042094874,1.2064247579199685,1.3579320115386004,,0.5141737745119537,-0.01000235850986722,0.8939398446870577,Severe,2,2
31,8,2012,1.0894058524129706,-0.8108144771124108,0.14762584941236592,-0.38543271222104286,0.823834572337529,2.0958163766184206,2.3580824369722935,1.4255494811038558,2.1695472438723833,2.1104619187335647,,-0.29440967333544893,0.6036216912067026,1.0460819320122845,Severe,2,2
14,8,2012,0.845700683643968,-0.706419765956014,1.3108075081717765,-0.3809425432927985,0.8038639179053424,0.21516845953063268,0.8993421187650679,1.3809894053350131,0.4937312797919299,1.0836462099713096,,-0.3921099830381602,0.5281818225250007,0.8845825750354384,Severe,2,2
28,9,2012,2.096700081207778,-2.073525851513802,-0.1852304984323659,-0.3811322954891711,1.1377056917301087,0.7225398522721678,-0.05811337708947518,2.8629858021019308,0.3914639853052168,1.9180533983945791,,-1.8525600180632136,2.894436750275771,1.9061259930166452,Severe,2,2
13,8,2012,-0.34579732669426994,-0.2917915057333148,1.2329984578248745,-0.38241334648678865,0.7945992433021362,1.1050371852846876,2.4804284395393013,1.2299609455473497,1.6673224202467973,1.6876129613828434,,-0.5097201701154817,-0.10001068126473471,-0.4538818969607998,Severe,2,2
13,6,2012,0.664945442101683,-1.1773826950874748,0.9216520047718246,-0.3821364625726342,0.9118565616773736,3.2457490256217687,3.18406422353459,2.0392987667252465,3.3903963598807296,3.150436479877079,,-1.017851369887239,0.9742282691146877,0.5458245161525032,Severe,2,2
19,8,2012,0.7329627507956756,-0.9535325722603796,0.8710476178905671,-0.3815313371494871,0.8728150232787661,3.218589808468561,3.468575565497147,1.897702177677646,3.5891471251916554,3.1448375437617764,,-0.9196729606905084,0.8480216170368036,0.6106483845994005,Severe,2,2
6,6,2012,2.3546810369199793,-2.2976527735983248,-1.752481091357692,-0.38044326537428835,1.242766907818441,1.4359524281224452,0.5618215179022511,2.7385901682925713,1.1346156047168354,2.3609547003750313,,-2.272092233124816,4.230442731367185,2.116832330591269,Severe,2,2
19,7,2012,1.074085980274503,-1.980958939252481,-0.872171618803206,-0.3377947283020498,0.9060591659019571,0.8410030707544773,0.5262770254981545,1.1225078624985936,0.8328154506300505,1.1444941052966173,,-2.0389104816481662,2.2492791231451927,0.860024078307118,Severe,2,2
31,9,2012,1.0722176574329854,-0.3320238034284,1.2585897910773685,-0.3842395584984234,0.7678833374386611,0.9469434470990131,1.5353370072306556,1.1462270382314044,1.165659794357041,1.3823644929651684,,0.17565596836687034,0.4030041085163656,1.111645612274684,Severe,2,2
21,9,2012,2.0961156852270015,-2.0964715233144644,-0.25469011912240463,-0.3812207865342416,1.1542236684208866,0.6605756596472805,-0.03769555909630169,2.8213604297430623,0.39365519360244117,1.98238838907934,,-1.7579811225332749,3.1666183360878075,1.974593991788513,Severe,2,2
3,9,2012,2.107368055935742,-2.141155356536872,-0.13135169698788152,-0.3815781524301246,1.1355768147425374,0.4983217121018212,-0.10693111259105478,2.8675046493964786,0.29233584519991096,1.9127025756145382,,-1.8915886123370798,3.059012262481451,2.0031011800340504,Severe,2,2
22,7,2012,0.9751176637731934,-0.45666958246564554,0.0847015589520467,-0.38250923616371585,0.7940676647439996,2.014611073276243,2.4648274299154367,1.2531494902943858,2.314574857981853,1.9685326208638414,,0.1557075242821834,0.34237897598935996,1.0162745020258481,Severe,2,2
2,8,2012,0.5923982533089752,-1.6413547390656122,-0.040458477256499085,-0.3825677800419926,1.0005834541930514,3.3644603016250874,2.280946111753057,1.8899778185935399,2.9699456365034362,2.8163243776850098,,-1.7735627341719002,1.5646225337303885,0.3774634054463871,Severe,2,2
4,8,2012,1.5360568345562942,-1.932315616218341,0.19033486058660087,-0.3813297827759475,1.118025135266803,1.017496175562293,0.12258881132304987,2.8745803953174884,0.6994865845989786,2.185468407612597,,-1.8075027284248164,2.4420565093825704,1.243411855291732,Severe,2,2
9,6,2012,1.0484418604682566,-0.2945066479076098,1.1573243660488388,-0.3830730153062258,0.7584103094214336,1.120731481979876,1.8045598986752098,1.0624835632876746,1.4140943838496725,1.5101328677823866,,0.18931185843614862,0.18652741027710884,1.0665614207516974,Severe,2,2
10,9,2012,0.5113538501983027,-0.6138528616054336,0.9657320741781138,-0.3845127597765882,0.7953068891139927,0.47658883780294914,0.4906873544023077,1.1386362446027225,0.6366323701723426,1.0916274978612068,,-0.5479696322628028,0.43830445177825245,0.3638109090496948,Severe,2,2
1,9,2012,0.44119700306021703,-1.3495414372074241,0.2667387968670936,-0.3819332066221042,0.9782120754469074,2.7481230747214904,1.5654726030815689,1.8896977459512905,2.3889261587974175,2.6166361989485676,,-1.4567740254443644,1.0757826728794255,0.2658360754298599,Severe,2,2
1,6,2012,1.2963476376340417,-1.7068279301002816,-0.7271647938291267,-0.37819692842755886,1.0914346210417178,1.3864900715835557,0.45435669221621666,2.2721023934943125,1.0693054505033925,2.1318396499583243,,-1.7397115611218525,1.896540317818967,1.164991005072271,Severe,2,2
25,9,2012,1.0567735917526058,-0.28406456997980023,1.2020126225550254,-0.3804434343717586,0.7526831087596102,1.0085789838834276,1.7971495487718958,1.1526693606380292,1.4250808005884632,1.521775499079032,,0.23311315065458466,0.33839281739295785,1.1027974407440693,Severe,2,2
15,7,2012,0.5313856583303906,-1.0232273211330256,0.8612721999185573,-0.3802647926655091,0.87371829844584,0.34561613921217915,-0.0056638244303282015,1.4897747869868954,0.23381657495567976,1.0684883433340266,,-0.9437564660736308,0.6831208537797516,0.3593527784822281,Severe,2,2
7,8,2012,0.7503240566747751,0.08018951845478053,0.43709186600995764,-0.38143672842385107,0.6658983433151959,1.5099370638598881,2.2405979327067427,0.5377197387909838,1.9133180928764195,1.2523468443362815,,0.7231502011075177,-0.05859092261132924,0.8816208819323738,Severe,2,2
14,8,2012,0.8101106831951501,0.3252719392992024,1.1916520683373855,-0.3815996552875518,0.7420675906470651,0.9808380201954364,1.8354749238800863,1.050167843841193,1.329249530104621,1.3635808181480873,,0.8330272821976531,-0.18415779552917094,0.9279275515848232,Severe,2,2
22,6,2012,1.0848784405938625,-0.5802039415340938,-0.44173215231049084,-0.3780506662562529,0.9223180007112581,3.8667814827904046,2.551120465575957,1.3011359195120304,3.4818233656711453,2.5097818409677157,,-0.19153777230805058,0.5191126994432518,1.0469097522388708,Severe,2,2
23,6,2012,0.9020285378579516,-0.45099703509277395,-0.48037963483926005,-0.3838139246002399,0.7739815759248393,1.2610423100388208,1.4270434125413973,0.7264832274338434,1.424552008463177,1.139895186056707,,-0.01076777413970067,0.3358954968482374,0.8645940113480051,Severe,2,2
9,8,2012,1.2373168366955938,-0.5204273515974029,-0.09778910233419424,-0.38282690844299466,0.814655566667165,1.919998820900458,1.8676173558167897,0.9758324012948895,1.980715675942321,1.536262436499883,,0.13991294197493181,0.5402445208870846,1.2794912921025707,Severe,2,2
6,9,2012,1.5200556078936938,-1.636866048162489,-0.5152692286908559,-0.38353223562165756,1.0182562680919762,0.5087664796545013,0.01832596822131187,1.8454210827554989,0.28645449674084605,1.268578548135926,,-1.3462022122521795,1.949362862375751,1.3182263614927912,Severe,2,2
30,9,2012,0.970170889685288,-0.7419162306352458,-0.11553340493028663,-0.38289194718615466,0.8052756263989012,1.4407919045638684,0.7880580750930982,0.9843618073095372,1.0907816089411584,1.2295863013415829,,-0.27875987571152977,0.6615351739464022,0.9277550069767478,Severe,2,2
20,7,2012,2.5278676522117194,-2.5668874976877367,-1.6625442848595653,-0.335941063947801,1.229322623513954,1.0402252754605865,0.4531468095836556,2.606670502869079,0.8385628210370235,2.1295623598444577,,-2.5930072089834906,5.29349348241825,2.2924355468758075,Severe,2,2
31,9,2012,1.1076252513426967,-0.39533474230316323,-0.42829036726764536,-0.38431273883132655,0.7816142858139822,2.275754390090776,2.1163367223740526,0.8196825091778804,2.3429522908981038,1.6285270516553647,,0.19936488072263964,0.34418114383025694,1.0389601757816556,Severe,2,2
10,7,2012,0.8810566278241205,-0.024785326448970288,1.190686839081091,-0.38220995992901696,0.7935226047706743,0.692564805630675,1.484280917985234,1.2198292923378606,0.9573673359416015,1.3734200716639535,,0.5109020341898566,0.14255344332879033,0.9210568151175111,Severe,2,2
4,8,2012,2.492352856900688,-2.361686803174275,-1.348211994318023,-0.3798646896555006,1.222430682892624,0.9343432468938494,0.26256826493129426,2.7556847507286477,0.7313841038322817,2.1198243182745773,,-2.1200980488044174,4.28021157846277,2.3108967373688145,Severe,2,2
12,7,2012,1.059931419310206,-0.9822995753398142,-0.1697854518733073,-0.38401148901194904,0.9315306753536112,3.332126966107293,2.2412454548087366,1.452385637170354,3.0009865419507835,2.4196966827639317,,-0.5708145651218837,0.8689605598698067,0.9471975778702164,Severe,2,2
11,8,2012,0.5587358442464513,0.03222145310927669,0.17510960117404226,-0.3834867718087175,0.7884596872114713,2.7827994834572705,3.2466339115255756,0.6026095668850239,3.1718340856705365,1.6796589259194907,,0.4748428568774695,-0.15481043344281348,0.6695048209921703,Severe,2,2
23,8,2012,1.0143910148003623,-0.5251537818620265,0.7418776374665719,-0.37933134752229974,0.7929457579518848,1.6782080442491525,2.1778318705494435,1.1602365273352662,2.0857945356457406,1.7529087248244328,,0.04140728121753246,0.3958759511424627,1.0411401528518414,Severe,2,2
23,8,2012,0.8766099280351604,-0.09269879458665148,1.2000986195919519,-0.3784191467847049,0.7916619077490181,0.9030415094628503,1.6657539041407525,1.143781002405289,1.1472967042553803,1.4588412741022867,,0.5709573840258364,-0.07364042436745384,0.9647528471896359,Severe,2,2
3,7,2012,0.3870294019184443,-2.4100737154874783,-0.9090727764584287,-0.374192510837291,1.0774842384123098,0.588293698621524,0.21978809214160702,2.1203100839101516,0.4981721136037597,1.616935676895475,,-2.751302688332748,2.897422961226321,0.02093710596364297,Severe,2,2
19,8,2012,1.2192854888587572,-1.88403930753163,-0.8580793765257574,-0.35491471855779627,0.9643483000581564,1.000297774000817,0.4069094134914346,1.3380602244597637,0.7297070090184191,1.3888074359980431,,-1.8785063629118364,2.001017383649651,0.9964147091354757,Severe,2,2
11,8,2012,0.6659901225741687,-1.099531483784676,0.8716479471578898,-0.3846203582914552,0.8723773084277574,0.2678127225917209,0.17261930137879694,1.514151676755705,0.3338845439850865,1.1008227286886256,,-0.8548654874276739,0.7722397294259792,0.5029219158512455,Severe,2,2
20,7,2012,1.0822459662007995,-0.5267794796972249,1.0182264351953476,-0.38350476628376773,0.8077618172532876,0.3567221825031437,1.185832052039874,1.2076467658779062,0.6472942573712979,1.2152426386820308,,-0.14670450679173463,0.3835619840308613,1.0653191820826564,Severe,2,2
13,8,2012,0.8146567861271378,-0.46907054491331274,-0.266755315862852,-0.38351347726166357,0.7790329375788734,1.263972819767879,1.1779145142289928,0.8639305108830171,1.246489514274238,1.2372797819042922,,-0.24040286061879004,0.3474069041394287,0.8513310694327368,Severe,2,2
17,6,2012,0.6552296866256068,-0.6680249564304477,1.0045270891182696,-0.38085190937823277,0.769859350617099,0.3761618237222982,0.783714297296563,1.1086343745687444,0.5491723381009931,1.0744249569559778,,-0.33752414680195064,0.3524088941632718,0.5280548526216824,Severe,2,2
23,9,2012,0.777922647737163,-0.5894102428422857,0.9088417311216371,-0.3834432839772077,0.7955826902159294,0.42486331026275437,0.9692498157902798,1.0930438837834162,0.6456264557136342,1.199370883919474,,-0.22361109568898643,0.3933581446032442,0.7025224306400896,Severe,2,2
10,6,2012,0.9263610208361773,-0.3553391513621451,1.0862144146689265,-0.38107723159066054,0.816458503078822,0.5294583103950787,1.2819746027295098,1.1592153928297255,0.844234229386215,1.3205734796670396,,0.1201116975463822,0.1726781472182202,1.0214911376744626,Severe,2,2
7,9,2012,0.8539501103667048,-1.9919043189920633,-0.01843997353944088,-0.35983067965197424,0.9549807852085395,0.7398827796425739,0.8341253985928614,1.6412295969259498,0.9181752369380128,1.686220609893492,,-1.9985300623611342,2.0947655151218827,0.5542813869010106,Severe,2,2
22,9,2012,0.4040807481541512,-2.2529125845004234,-0.3374111488218013,-0.3793128197994615,1.0763229149987017,0.5772139798333892,0.5030407939747881,2.2228503934842765,0.5541164835444188,1.778434767867296,,-2.5642055914277573,2.8307432155049073,0.0656711671790055,Severe,2,2
30,9,2012,0.23424166760520695,-0.9042075408324345,1.2882613525139897,-0.380568092199259,0.8190053449853054,0.58796419718192,0.3546483115605639,1.4765194439305729,0.48586951361272185,1.2093805093810273,,-0.9551654343636757,0.5663317911715677,0.04043144220433728,Severe,2,2
14,6,2012,1.608229675682754,-1.8535391780229127,-0.455675550107605,-0.38150266920796366,1.1459691077238032,1.4594764248436645,0.7312446878388729,2.7711020367020915,1.0519114134816232,2.377678121092054,,-1.6632580595164606,2.1814880322774,1.4143364377349854,Severe,2,2
31,6,2012,1.3059440022928273,-1.7115411168046692,-0.4755843425915912,-0.38064613711462225,1.1290394822558354,1.9991191198054763,1.0311242899096966,2.59460583133928,1.552295947953569,2.6376093078360414,,-1.5215513647756147,1.935383072691916,1.0054437216824235,Severe,2,2
6,6,2012,1.112057946957447,-2.113989644332333,0.6804551621764519,-0.3825683830996972,1.1165064976842,1.6341023140424016,0.43485850428175293,3.1370308100971416,1.2892054131354274,2.772903777989772,,-2.238157692485952,2.7649281522957754,0.979727972607679,Severe,2,2
26,7,2012,1.044394517751855,-0.8074013207336644,0.5499020586117374,-0.3841418572252583,0.8327912852172366,1.9165375407088951,2.0904679188742956,1.3243773570471253,2.0214178730339767,1.9654191629161781,,-0.3902578044067448,0.7562916216941907,1.0190214118182799,Severe,2,2
31,9,2012,0.9234425976026467,-0.274334003969918,1.098719760530458,-0.3829655881179709,0.8101592970289854,0.6011424400706822,1.3369349118068963,1.202288756003316,0.9044527662614263,1.3205583082562635,,0.33325381913077184,0.217318946902953,0.9572490531843644,Severe,2,2
10,9,2012,0.8614594900705302,-2.020388789463489,0.43322156748665563,-0.38295609567875993,1.0212887653238458,0.6114699803486339,0.8100893450701063,2.266787017626281,0.7787012972766655,1.9611561065891894,,-1.9997735485098187,2.053904844443266,0.6600427720480122,Severe,2,2
5,8,2012,0.1564955183866702,-0.9245516702425763,1.3440771486965926,-0.3832719116245065,0.8220817798556144,0.43052857182184195,0.22910626171193094,1.439130547581399,0.3309894715493278,1.1797457254745065,,-0.8830789318648001,0.36925262967700606,0.039065448715003656,Severe,2,2
21,9,2012,2.0251078472524506,-2.0743449533582647,-0.22807809245243954,-0.38126505983638026,1.1440724591457432,0.7917672724785073,0.00956171167819432,2.8532073290038125,0.5740087626148898,2.0665421348175976,,-1.8319593347587735,3.079272633720918,1.8580330091732784,Severe,2,2
27,6,2012,0.8218185144031999,0.1248499243688726,0.8385864076459629,-0.3790302667481022,0.7246464172124524,1.0362406661799546,1.7740593146516297,0.8465071356782123,1.4650174479242488,1.2225144731388755,,0.6472584684212972,-0.042454804016346354,0.875503984080344,Severe,2,2
3,9,2012,0.508378437943132,0.1826692489760523,-0.4696009280158835,-0.38006376464921493,0.7638586176644432,2.1505405418868313,2.708308404247985,1.0394655452288535,2.4636278783255285,1.824190603081959,,0.5978715538084081,-0.20108247978664867,0.586628725987498,Severe,2,2
20,7,2012,1.9197732938267518,-2.129381937267885,-0.8862775830826873,-0.38460371464533794,1.163237923179783,0.7961790660188922,0.18082085168567597,2.722720680921954,0.5596257762404855,2.0140983603959746,,-1.986472407704743,3.2128182546199135,1.8662234996338274,Severe,2,2
28,8,2012,0.9975680960373648,-0.8315806491792748,-0.9847477055427262,-0.38235714359071504,0.85803690955467,0.6476758172213696,1.30656916571487,0.9619308041009573,0.883304281639804,1.1776152736951488,,-0.6070833264686966,0.8164897831786001,0.9800511080304044,Severe,2,2
1,9,2012,0.972317088075144,-0.13310736326037362,0.979229440716015,-0.3820268575299669,0.7139714037599408,1.2030901716835916,1.9151271580092004,0.8456753282654509,1.590656881538193,1.4265847925703352,,0.4721303401847556,0.262407101244457,0.9870817829390098,Severe,2,2
16,8,2012,1.1716817737294771,-0.4861833277430262,0.4577337018135263,-0.38138387603602253,0.7891053834658827,1.7383507701567076,1.8916875337733234,1.1349340624863244,1.909560347904165,1.691391527739626,,0.025514955967833163,0.4273180666333035,1.2199139670654087,Severe,2,2
3,7,2012,1.04476213445029,-0.48451523446238165,0.7363373830888926,-0.383119950822398,0.784233550519263,1.6049147420703893,2.240343717759756,1.216337675710613,1.9045754898886345,1.8848199779639998,,0.005740527094527192,0.5053584453982504,1.0407064376352906,Severe,2,2
6,8,2012,1.2115412125362401,-1.912845180350281,-0.662682259311497,-0.35101451699513464,0.9766546376162109,0.8014218925507488,0.26678374711282293,1.6670705479765338,0.6504591894286615,1.4475280568498972,,-1.8928255559357212,2.216132514365577,0.997161274709612,Severe,2,2
16,7,2012,0.7436041729925966,0.3594825631984742,1.172739260765053,-0.3794236699526332,0.7438469537778285,0.8696166257250378,1.6186462255453113,1.0419122434350816,1.2295339117270032,1.3020311383016399,,1.0250261376728398,-0.31033038189176565,0.8905550123856874,Severe,2,2
11,8,2012,0.9104566041093823,0.14355907684217706,1.209874500371935,-0.38074812893061477,0.7388515557158766,0.9922760083030189,1.8259289583654568,1.019654341681259,1.3663622393846573,1.4131385174309614,,0.7522180505527726,-0.0333182274136577,1.0221371544790305,Severe,2,2
3,7,2012,0.7570509396301529,-1.628636670707957,-1.080068898329526,-0.35584325712982284,0.9595355156693948,0.8467520784724275,0.4115275733503868,1.319510875205533,0.6186010532069457,1.2951952124527533,,-1.7167318530097704,1.488058026534334,0.5476990465307126,Severe,2,2
25,7,2012,1.0474184351581177,-0.3405460083038586,0.8614231796865447,-0.3814090093449642,0.7744886847216801,1.394957938799769,2.0902212548987276,1.1904672731072063,1.8226978606570359,1.6722379673088483,,0.20065098225947833,0.237333301193444,1.0612388845346858,Severe,2,2
7,6,2012,0.9600594131906481,-0.7466284637578146,-0.7782237921084683,-0.3824010671062342,0.8333445904442599,0.7953679376681007,1.300489139835521,0.8313230955599337,1.0459457155062177,1.1581221499171153,,-0.34881736546994274,0.5588447059351768,0.9265149967116328,Severe,2,2
27,7,2012,1.328762975624781,-1.7448981110746458,-0.7379297149182286,-0.3824564795412841,1.0682943239229967,1.247405881384152,0.4914299015965587,2.04438221795178,0.8623696197157643,1.8803871335990565,,-1.5114643766568392,1.9835170052116466,1.1423574901747755,Severe,2,2
6,8,2012,0.8801923478848936,-1.0818171954530262,0.6438507428183123,-0.38026930142909227,0.8865935523668333,2.923738318028538,2.957598264746824,1.8570242393038674,3.1467966474706572,2.8702075369818103,,-0.8314298076012873,0.8966314295309826,0.7838150695126587,Severe,2,2
17,9,2012,0.9751008701853319,-1.433559755993837,0.07317462077762765,-0.3817628720104665,0.9523925631015755,2.826472207704299,1.8472223050141579,1.723979167917725,2.431676910904123,2.468600922931684,,-1.144121189950356,1.2423902880712676,0.781718835266111,Severe,2,2
23,6,2012,0.7595957392379971,0.09813407547382913,1.226563896677131,-0.3806226581787986,0.7853474709593985,0.6287843905893766,1.5223240980481032,1.104160757842236,1.1428041475595305,1.3120389467738593,,0.5831678915751015,-0.019200922225557096,0.8706245582547296,Severe,2,2
15,6,2012,0.9122004917416789,-1.652222201144012,-0.28670866788057636,-0.38053362639348304,1.0428188181549094,2.562712841599394,1.6835553898484286,2.0519216175637958,2.3470805558412313,2.615245096200099,,-1.5176902436340969,1.59406129488957,0.7328752679802588,Severe,2,2
13,8,2012,0.9061799014787105,-0.4314641194322582,-0.003670296140854519,-0.38320503670137646,0.7996183929686094,2.049781896313796,2.502686013812358,1.1028859007221026,2.4561202765542385,1.9370187140018322,,0.09354420133182265,0.19585442846071682,0.9292286936790888,Severe,2,2
24,8,2012,0.8685459123318751,-0.30087635360071807,1.2252718095751653,-0.38296201600657986,0.7492087381132388,1.211818113375566,1.9844711641038397,1.170169898707286,1.6244708169531354,1.5891545514060168,,0.26589456205709566,0.14140436730591177,0.9182192919675003,Severe,2,2
1,6,2012,0.5601340490107946,0.10731326049993432,-0.47928655323750696,-0.378904856763565,0.7617132871569748,2.220370124833076,2.580275652912886,0.9495165393541345,2.4072198721548377,1.8041503738629208,,0.5757705572152902,-0.19883913725239266,0.6349429928913711,Severe,2,2
26,7,2012,0.7447651521886399,-0.7580177210317118,0.27745076437141936,-0.3775863570207814,0.7957299084381789,1.113787562190005,2.201025315413302,0.9992980764374912,1.5745276405886302,1.4546628773116284,,-0.380898605870562,0.41245294099958113,0.6726388449108893,Severe,2,2
22,6,2012,0.575071665300981,0.4451479554353358,1.0191507783008897,-0.38148374456608886,0.7031472361667839,1.298853768062963,1.552121650896084,0.9494475917946027,1.4987447405434609,1.2671670465474747,,0.8960593314101912,-0.3550464505929986,0.6632326724777615,Severe,2,2
24,6,2012,0.9264050776885119,-0.9406055127541351,-0.6823972082852047,-0.38170850219353974,0.8549264687828144,0.6874410759292172,1.505502913831939,0.9707709037273421,1.013717942078239,1.1269533845977393,,-0.8085182160106419,0.7678976739698377,0.8229999180611951,Severe,2,2
14,6,2012,0.8895109449286989,-2.0589348241090475,0.7133878459333015,-0.380646208107976,1.0530554733927526,1.3387087199885002,0.8480195732339555,2.6640472717637045,1.217363221091318,2.4151330521980974,,-2.1779816309048847,2.3237854712145385,0.5816190975689788,Severe,2,2
12,8,2012,0.9245097288379353,-0.5509867167965676,-0.1670552782876863,-0.38063914305605956,0.8289839948666178,1.3499140565507324,0.8632582660470935,0.892821240326263,1.2355012606964595,1.2265098961126057,,-0.2477326292504276,0.5345922351909365,0.9504993455104144,Severe,2,2
18,9,2012,1.5915656300297707,-1.7977820088187542,-0.3679371451816035,-0.3773840264874677,1.1436165100485545,1.3444066161901111,0.5420404831727653,2.737134506492312,1.0389724070787738,2.3770785967856125,,-1.8007401179308968,2.3110200183784557,1.4314011674339995,Severe,2,2
20,7,2012,0.9122282235570112,-2.1084607901988943,0.6600057232983443,-0.38357184578727027,1.0784329787741436,1.4839268874823044,0.8447274675976698,2.7922566328821734,1.3093610950690158,2.6246985564414205,,-2.2010429955730175,2.623266418759611,0.6745494971571825,Severe,2,2
29,6,2012,1.4778768194373544,-1.6516192993818617,-0.6867012294024664,-0.3804665160562324,1.0170314150128783,0.6657370455476722,0.03897464666461963,1.9133932487384866,0.40682619649325574,1.4132794498877321,,-1.370833341241805,1.7650266877400649,1.265729743841279,Severe,2,2
27,9,2012,1.0497882566094046,-0.4581894859747411,0.999477909814859,-0.3823574932138319,0.7790569838741475,1.399689216008996,2.1169731106399117,1.2506335952152443,1.8704190191393475,1.775233149759859,,0.1333315914615685,0.4151187244854609,1.1333679509574524,Severe,2,2
2,7,2012,0.9964838330101283,-2.003710256461985,-0.5459701987186313,-0.34142250556266657,0.9269663200425744,0.926746923290932,0.7898046347856506,1.3049204817254576,0.8407067206861607,1.2666516860402406,,-2.009709248661908,2.193628749305228,0.7453351567548667,Severe,2,2
5,6,2012,1.3002426672414233,-1.6876000342562572,-1.0067817542983728,-0.37490787352413957,1.0152404582384513,1.0952787838049363,0.17003551958559776,1.6562504300064984,0.7515896812145748,1.478543741212049,,-1.5849829650223912,1.9437237939182697,1.0925791463530117,Severe,2,2
30,6,2012,1.079551193865004,-0.7835562984313191,0.3213840403295327,-0.3825530570215002,0.8385349560528739,1.3130281232892873,0.4785066636996357,1.1179395736270599,1.0787448022240334,1.2994120425339968,,-0.3492032360026541,0.7511134983050682,1.0855647908255928,Severe,2,2
13,7,2012,1.191955422081016,-0.5810517557501783,0.0050048547553575295,-0.3853485083822638,0.8106861329174602,2.005814431071081,2.0644914797318266,1.1886366698317552,2.113912181016142,1.843394982837012,,-0.09754568172472669,0.4850311565308143,1.167204770014087,Severe,2,2
18,8,2012,1.4418067315250933,-1.5506647332603498,-0.6540452001289409,-0.3834421816818034,1.0041182521040601,0.6307243203563674,0.21049405730809664,1.8181611960053419,0.3782711275650148,1.3642886069089382,,-1.3250898957660167,1.6561256353801384,1.3118932067570828,Severe,2,2
2,7,2012,1.495389599888367,-1.720090091027307,-0.49817200080673946,-0.38435630037386015,1.150312304640505,1.4054964575875526,0.6096736245863048,2.786323155753159,1.2033450755337523,2.5085487595901936,,-1.5825205762526648,2.2952532763890616,1.304278678534215,Severe,2,2
4,7,2012,1.128215272050752,-1.20364723504182,0.16440888689791566,-0.382496335847656,0.9279970790549722,2.520144344493989,1.8267424181972087,1.5428803471769479,2.3311194836593327,2.2539932991463587,,-0.9551523207506515,1.0553202716095764,0.9801718216393646,Severe,2,2
13,7,2012,0.5976060421725642,-1.6521631370273393,-0.05139651096392084,-0.38032948792025484,0.9845799570532959,3.17518492593855,2.2013061138306727,1.8596132979867444,2.932193553889534,2.773307183470217,,-1.8409208213180102,1.567679400175198,0.37318719197435957,Severe,2,2
23,9,2012,1.0445853158882763,-0.18624573702226987,1.3508499033236068,-0.38298192801673164,0.7475141614810453,1.0806414822008166,1.8835502491024674,1.0503105608466636,1.4222859634744547,1.575311031361232,,0.46928754022960134,0.10284700086857838,1.127478578129191,Severe,2,2
24,8,2012,1.3007364121343574,-1.6832080544374888,-0.9302499379115352,-0.3802309537637807,1.0257747996975497,1.0494705073240853,0.14358066551452636,1.8112859257321645,0.7896826720126933,1.6982908019939194,,-1.5133837571676243,1.9364877387509796,1.1246414678858212,Severe,2,2
28,8,2012,1.6017478095500977,-1.6579934454025869,-0.331039873903096,-0.3800248852746815,1.058871133194767,0.6484290187944002,-0.01621068251438139,2.383281372803605,0.36546517697953684,1.6838239954048018,,-1.6913584808499007,2.120990103407791,1.3251158517823018,Severe,2,2
7,7,2012,0.9752479472690608,-0.3298023250228901,0.9773175583818192,-0.38127435316514596,0.783262222916431,1.3358318529967292,1.8870807478676517,1.1641888423437468,1.6359438193536893,1.6802203700866487,,0.19820108157501812,0.23340453248053633,1.0976127052102256,Severe,2,2
7,8,2012,0.9955103348391614,-0.6634545569153835,0.015634977324970194,-0.3809579009280589,0.8306509117447318,1.2907522437154864,0.608312295570552,1.0164189676816895,1.1742406901454325,1.3254838803248112,,-0.3069699174013134,0.5962113339278097,0.9260957966365218,Severe,2,2
17,9,2012,0.8987232306450252,-0.453030805022646,0.1954964185985223,-0.3839799747395255,0.8090467312803058,2.225095415495467,2.6961955413673837,1.0655285483116095,2.482196569643017,1.9050596036622272,,-0.0017368177900767279,0.2902077228958244,0.9344996088275179,Severe,2,2
17,8,2012,1.153154369310388,-1.6371476274280843,-0.4567989482990136,-0.38235284591203067,0.9790610857596296,0.6072502171239024,0.42725160582737903,1.6997468317713755,0.7170246279390153,1.390998965430756,,-1.5226507150273176,1.621005179744974,0.957946393597595,Severe,2,2
2,9,2012,1.202510300925834,-1.9393779645739948,0.07935166072164457,-0.38387252266364486,1.132158194382976,1.828087518836054,0.7318801965272942,3.0027028044310176,1.4531746003924113,2.8068299780499064,,-2.0209087380928494,2.396445035948134,0.959022213344369,Severe,2,2
14,6,2012,0.8750302042754333,-0.7902410378694711,0.4142204288257877,-0.3811054702596143,0.8190278663848521,1.132276190308396,0.5476220087183258,1.1420888733649008,0.9454821015746441,1.2281111652670442,,-0.39385774153635655,0.5021201839112808,0.8445174142191761,Severe,2,2
28,9,2012,1.398153986285025,-1.5370563025066022,-0.7151277524782976,-0.38147130432116994,0.9944481466928092,0.6943311643532802,0.09419298039125523,1.6593027952919301,0.36410261955861944,1.3178233463301234,,-1.3049377051968556,1.675465443531951,1.280327202922132,Severe,2,2
6,9,2012,-0.4909722772489785,0.2532100989044672,0.8784415062417319,-0.3784027071195219,0.7108751234583486,1.9583997607923418,1.59419938214232,0.8089763768116429,1.824244462170689,1.3914080410015346,,0.2709459815962566,-0.5220664132339119,-0.4421244446278255,Severe,2,2
26,8,2012,0.9791132753153788,-0.8208447785764188,-0.780285456709274,-0.3785550752096609,0.8480651266801287,0.7402087625071572,1.3571745712257806,0.8676410133733969,0.9357692929775207,1.1178578606277312,,-0.4110600588341789,0.6968702189601842,0.9510917445152562,Severe,2,2
14,9,2012,0.9138425698888408,-1.93991502921443,0.4504780378091062,-0.38226967251994776,1.0094057525825653,0.7289732805113038,0.9078228431402127,2.2494559700605596,0.7973044092901266,1.8993599615339385,,-1.9689627493611572,2.013161326915462,0.6676124147647307,Severe,2,2
17,8,2012,0.9300663196052181,-2.0830931168368445,0.7983582995144736,-0.380457648125636,1.0745752473753225,1.6002684707753203,0.7859250445568116,2.9013968068340787,1.2643782109947614,2.692241995878809,,-2.276646671919198,2.6354232585348893,0.6682489455584416,Severe,2,2
20,7,2012,0.8115650144232783,0.19034721531761437,1.1867014563374736,-0.3807571622309811,0.7630090544394145,0.7282439142844765,1.5496751191471743,1.0983645462386118,1.1430583691037783,1.2746213257276324,,0.805627679767665,-0.04199071782980987,0.9018777983933083,Severe,2,2
22,8,2012,1.3642474908354019,-1.6144125765196076,-1.0089206106202302,-0.37891552072733903,1.0210471453410852,1.0729677417422954,0.03211900432617502,1.5763329165973592,0.6756465184634818,1.4596198662351691,,-1.4672196485714013,1.9095945192346249,1.168348783875237,Severe,2,2
20,8,2012,1.2261414166481261,-1.299027005449934,-0.8439713724298684,-0.3796646991471085,0.9472467925008644,0.6042338164542933,0.4363853590363662,1.263813309851078,0.5463932079028251,1.142394084798719,,-1.049264145430561,1.2728517438035574,1.093436454005374,Severe,2,2
4,6,2012,0.8800686583193054,0.09841070595931177,1.2910354976796425,-0.3802110296929468,0.745509002702992,1.0576794566880325,1.8441543167425585,1.0726706583305032,1.4197456951548342,1.3539091159632097,,0.7300051766499883,0.02506633499164968,1.0154224141000474,Severe,2,2
10,6,2012,0.9212582466291305,-0.21365767761940535,1.0714443833234812,-0.3813781422905108,0.8136518617846333,0.4883537610921145,1.3868927074180908,1.226326354548268,0.9042961832842326,1.34458752198419,,0.18435195672318583,0.08560790486917819,0.9990607536840903,Severe,2,2
27,7,2012,0.9128424438972474,-0.5990631068114362,-0.7142335852539774,-0.3827747126947857,0.8178683779677184,0.9979803541399033,1.2679166410213512,0.7769158095194191,1.1565089916822184,1.1183465404216162,,-0.2506406222473355,0.4393563215555746,0.921991222868715,Severe,2,2
2,8,2012,1.0121211365261078,-0.6149567049706246,0.8064180320998088,-0.3811499075343972,0.8168144820931524,0.6161698157010836,1.274362946515425,1.160973659857813,0.7348546726401897,1.2122750429171891,,-0.1370550045633074,0.40340884375860836,1.0750333421746556,Severe,2,2
23,6,2012,0.9338650890154568,0.043436508165861254,1.0648640884709142,-0.38423856396867667,0.7744714727864164,0.5844610423815967,1.4695539813166398,1.101059900900829,1.0221871900279147,1.2642010730367843,,0.4963333422094116,0.08422899175787213,1.0475596718188191,Severe,2,2
17,9,2012,0.5939614437668633,-1.1930489236489734,-1.148762571623457,-0.3811135349577919,0.9834378194238161,0.6810424712145758,0.5259178507559541,1.3900771519085469,0.7546804433952888,1.3192541212465996,,-1.1348882292055436,0.8862603359514631,0.5575549671423566,Severe,2,2
4,6,2012,1.0173484252078777,-0.4524856907659931,0.9179953477921636,-0.3856276771645121,0.8030731449072751,1.430086851205683,2.0309326656212345,1.2391374276826936,1.6109710083888975,1.7043017637797595,,0.25092466263815927,0.30874686492759956,1.030539319192221,Severe,2,2
4,9,2012,0.9847120977270327,-0.5063196556713351,-0.4746417794666146,-0.38367719863251115,0.8776137216449638,3.6640571194052636,2.684584046988801,1.1776132174945888,3.3604602013476654,2.3868000041470308,,0.05177183005318217,0.5408536721787855,0.9989047562187402,Severe,2,2
31,8,2012,0.6841315416811726,-0.6836083920040383,1.0224944335269754,-0.3846699444641336,0.784901523237429,0.3700670740284933,0.7544606011844507,1.160516908090288,0.7137052269064483,1.0517069610006173,,-0.33165461434723537,0.32855504071071656,0.6237352949324674,Severe,2,2
1,7,2012,0.18101568860026024,-0.14277657133693955,1.2677183592076973,-0.383254132119623,0.7668000375858584,1.0884119643564794,2.267315516537051,1.090659794053869,1.5080673402844675,1.5822000920314638,,-0.06366732151980484,0.0598367116726496,0.21765560719283786,Severe,2,2
1,7,2012,2.6493982336974278,-2.6425424745039914,-2.064720505890351,-0.35782733379130904,1.2364173997889771,1.1482540706655942,0.4884581960072309,2.646682490359643,0.9149477235964832,2.2300826782718772,,-2.547052252254492,5.199029750466691,2.4263248151810584,Severe,2,2
1,8,2012,0.8099990266212884,-0.900076721460301,-0.435747612881802,-0.38277254977924063,0.8306564224952013,0.775551041221685,1.9295350424107687,0.8744954511001325,1.2169978393938732,1.210655954507972,,-0.6929687393047206,0.6413905952774743,0.6630188531588623,Severe,2,2
20,6,2012,1.9816794231092159,-2.0360726558883844,-0.29862683156515846,-0.3831796535014165,1.1031454492716548,0.6175233734888489,-0.020749817797943437,2.536644992441604,0.3971464583734915,1.7830024018385975,,-1.774376742243386,2.7552699725583634,1.8658832414585305,Severe,2,2
29,8,2012,1.3240291688136225,-1.6745552260926637,-0.6361435065991045,-0.38244726417920305,1.134157005080305,1.6911912867358387,0.7205617104281803,2.5534801758632595,1.2575250245103298,2.500951483758499,,-1.6157854344155196,1.8873072551309815,1.1641198629778242,Severe,2,2
6,8,2012,1.1889597010777295,-1.7049060009365244,-0.9220552893261547,-0.35603610531120067,0.9430431050011666,0.7256173339940593,0.35698490629574564,1.2131439888611124,0.5433903530064569,1.179722786737538,,-1.6698342978653202,1.7600987194948032,1.0626329786620656,Severe,2,2
25,6,2012,1.114939097150285,-0.5737383531145741,0.40137820163424537,-0.3835991330948315,0.7932098862055452,1.7384589326050726,2.306633570481218,1.3373505169592734,2.04648608510016,1.9745602142469962,,-0.17350854207053598,0.485652426856048,1.0805508179682768,Severe,2,2
23,9,2012,1.5021080667802689,-1.7279397507660015,-0.40455959917877926,-0.3809694609768783,1.0746520605866303,0.589902970507507,-0.14725013478241497,2.29740102209919,0.4941681031460113,1.6591603609088894,,-1.4925593397002976,2.125136718746105,1.3820518038869416,Severe,2,2
8,8,2012,1.0505716995664487,-1.3262551877290725,0.147555752589212,-0.3823883744409154,0.9428187635907397,2.6112562818109373,1.8914329068122027,1.7038800275900852,2.3025248661622157,2.4122029381504126,,-1.1908005678852567,1.1541693673349203,0.8884528117371935,Severe,2,2
3,6,2012,1.8724220199935548,-1.9182856003584483,-0.5353260193966684,-0.3810547471044838,1.140749052755961,0.8830579108514496,0.028269884576321146,2.615592557122716,0.46178705278661686,1.9601757190196314,,-1.809210266773092,2.6928557241409137,1.6556269882740855,Severe,2,2
16,8,2012,0.2971219356499253,-1.232911028133717,1.2139698420562295,-0.3824442907470118,0.8826630324299293,0.28612438456722655,-0.09548146219025658,1.710423452540413,0.19702238311279072,1.1919102510491222,,-1.3325859973370229,0.6033471804431775,0.11442264974812272,Severe,2,2
3,7,2012,0.6150578261785182,0.11485699558436042,0.3958768037724468,-0.3814040230845981,0.7477966900461069,2.2364787438639846,2.759746696037054,0.5486855249760263,2.599622276703403,1.5057336105585724,,0.6958468663272761,-0.14594497919783805,0.7387385876242281,Severe,2,2
4,9,2012,0.9384058125626569,-0.6746118823331616,0.8828407120737176,-0.3806096946920142,0.8285477528339849,0.3425453192826237,1.044008849517386,1.2443470736266782,0.7022488476941167,1.1803969189821397,,-0.23822656995444952,0.4000353063805801,0.9783101759060784,Severe,2,2
15,7,2012,1.0091194701378063,-0.3404007169196585,0.908317266670729,-0.3829879025861317,0.8036104984515507,0.5124244592179391,1.3957668813056554,1.174956433712277,0.8427950809872641,1.2252400686576932,,0.1906972702980718,0.40368155656918286,1.0948042423537983,Severe,2,2
26,9,2012,0.9589538498095012,-0.3121871242057923,-0.5397772674484699,-0.38034256334259764,0.799379007452189,2.1012786908371957,2.0952305648720984,0.8982312825505379,2.1693257609390124,1.6354654158862685,,0.27601979878992905,0.24105616866768614,0.9837277041773457,Severe,2,2
31,9,2012,0.934652901906026,-0.06995940176792675,0.7805767788560214,-0.382763847416711,0.6808425159980535,1.3012737802014929,2.083525831104444,0.7058850659234456,1.6266636739253684,1.2373261207867396,,0.5032702395479404,-0.012825432211674127,0.9639256813904279,Severe,2,2
20,6,2012,1.0748257302789432,-0.3332500203156382,-0.4621811862302994,-0.3846527742719175,0.7950186642183917,2.0763140586494893,1.939217602433137,0.8169924151387209,2.23345269191101,1.6103845386508806,,0.1744371550843334,0.4496052411217832,1.1287876218407509,Severe,2,2
9,7,2012,0.8418564358594702,-0.33311160218063973,0.0463108270080643,-0.3806558495981845,0.7891822167641745,2.1292196998985142,2.6714782166729605,0.9741582965815123,2.416497950682045,1.865177488008798,,0.29150431203979965,0.3485468831093053,0.9136288234829527,Severe,2,2
11,6,2012,1.2817376524611457,-1.7073059951161604,-0.3827197619750847,-0.3802167173598134,1.131981607292854,1.6372872439324961,0.7723349449450492,2.6779042414355905,1.2778894523172573,2.5406289523235066,,-1.5825313197009414,1.9112399039950847,1.1192411343857833,Severe,2,2
19,7,2012,1.1257343968633402,-1.6363779217383874,-0.9945118799133881,-0.3822493445731221,1.033126814807646,0.9797803413820044,0.17354641271567728,1.6595857739925863,0.6905139568697456,1.504839328415757,,-1.4306832187422909,1.7281766369367364,0.9545540781570768,Severe,2,2
6,6,2012,0.7761617497221379,-1.6516688135052158,0.015208988856800873,-0.3807129185452983,0.9761743704859411,2.92790868530205,2.282590244267075,1.765639006149603,2.7332099135675967,2.6982021520697734,,-1.5506607635535694,1.500230260002456,0.6136969364625569,Severe,2,2
17,8,2012,0.7084695881994901,-0.6190587567300486,0.8144383096269363,-0.38271822951792916,0.7816521684029971,0.4876964531457445,0.7910510661938113,1.0944658017146025,0.708639560131674,1.171380204175767,,-0.3946018582786736,0.26926837771529444,0.6136691524002735,Severe,2,2
24,6,2012,0.9175654729043121,-0.4345208500438532,-0.49103671607341776,-0.38168657288467517,0.7829399168239536,1.4680963333516666,1.4484691834398704,0.6899548199596696,1.5207233227330295,1.237783577900514,,0.014388503366573678,0.41119901948712684,1.0023176505801172,Severe,2,2
27,8,2012,1.747098119739379,-2.1463785484866955,0.19186497869641028,-0.3095456664673692,1.0994462635042297,0.5547009570981964,-0.1557816856346422,2.616362055856768,0.3386732319127571,1.7824971096286764,,-2.073265339152932,3.497158946150823,1.4756573327493971,Severe,2,2
2,7,2012,1.023861983049813,-2.03777620601551,-0.8469889553618513,-0.33673394666714673,0.9186152912247858,0.8517744384694848,0.5113755195300397,1.130251249629174,0.8522886695824513,1.1882601630192826,,-2.0633184107161133,2.4710400628294855,0.6776552438579333,Severe,2,2
9,9,2012,1.0259350583247533,-0.4827432592117718,1.275145030119782,-0.3824460685079622,0.7738805988039967,0.593610593167129,1.5053627586016571,1.1230917710730683,0.9555719316053712,1.2731554989097065,,0.02007576950536636,0.366851783991258,1.1150129822758577,Severe,2,2
8,9,2012,1.8199913224300492,-1.857044237369419,0.2983245484987716,-0.3825206521662866,1.1136593380376947,0.4049497520795788,-0.3219438256817031,2.8082748260544066,0.0753615876228625,1.7533284221463477,,-1.7079946916620907,2.44641488078704,1.6537335655195151,Severe,2,2
18,8,2012,1.5687106362903145,-1.6945425591050924,-0.6815012297898821,-0.38059719604598147,1.0199278955090898,0.545070457408523,0.0820234673232562,1.792450748752644,0.45328264229339293,1.3630521803007063,,-1.334378400849131,1.840600792660151,1.4203594958382764,Severe,2,2
6,7,2012,0.5857837989613701,-0.8675672835211234,-0.22158688163653503,-0.3822942647706528,0.7866197884688013,0.8713481147154469,2.1376814334684173,0.790122885213008,1.3670217435851564,1.1888128864816463,,-0.741259850205754,0.5903093080738623,0.46484976114465276,Severe,2,2
30,8,2012,0.9757398583136875,-0.3834061666752792,0.685600267028489,-0.3804074728571345,0.7808932735690733,1.6461191502171901,2.319782226966444,1.1395343731515586,2.0371028757309966,1.7480452310739996,,0.08728835720701114,0.3854733529855452,1.0202910599709671,Severe,2,2
29,8,2012,1.3211507471216717,-1.6377312381762867,-0.8134292228475738,-0.38350565655641977,1.015705037176064,0.9467645821715157,0.044043950016575927,1.5984319090272467,0.6372688690023566,1.372876584046921,,-1.4873045504614382,1.8794474793391869,1.1933571680049777,Severe,2,2
11,6,2012,1.0812220399066994,-0.5331966761522602,1.2256163477073438,-0.37922990543309365,0.7971288474849331,0.3660766662282154,1.1084498555538045,1.204921640232709,0.63159201376308,1.1707766593263644,,-0.16714497613729923,0.48832142550786867,1.117357815726472,Severe,2,2
13,7,2012,0.7635130566624576,-2.5360282109189423,-0.4183483659066876,-0.3139888137125139,1.104691269373789,0.5083464529504359,0.020857334456316018,2.3944146474806765,0.28953701468694365,1.626085241843399,,-2.882269661398378,3.998137112723807,0.4287976356042234,Severe,2,2
14,9,2012,1.6872250671469768,-1.9398717234755238,0.08879066707798225,-0.3821659546220741,1.1160175014737206,0.5697203025257079,-0.27212446665730583,2.714168402761197,0.3925336174091631,1.821726368403825,,-1.7179716042222588,2.3811811606400686,1.5632178590542956,Severe,2,2
2,7,2012,1.1937508871469407,-0.5701835447018425,-0.030140177785656287,-0.38354149028374135,0.8217652310814789,1.959021104770636,2.0742697295708274,1.190540442948701,2.286740676186734,1.8944626002659501,,-0.13588216491103317,0.4440024380102269,1.2124195250396095,Severe,2,2
28,6,2012,1.0546616967543065,-1.6035371559378253,-0.38065146184989995,-0.38139978535373836,1.0701038099884903,2.4464938888148584,1.4796694788339428,2.207696085896546,2.06384396206972,2.5841327165915606,,-1.7295838728020771,1.7664351199229567,0.8332014370475254,Severe,2,2
25,9,2012,2.1422612202828564,-2.2457235328391523,0.08740815620667808,-0.33035404187930134,1.1233371759966684,0.5611122003315664,-0.15939742199655643,2.828395578847256,0.20800121188342663,1.8477492804966804,,-2.168582478889642,3.7356420186008537,1.8844129266357443,Severe,2,2
11,9,2012,0.8738369431150703,-0.26287281254868095,1.1944167529817218,-0.38054203208841336,0.7997516165963866,0.39138071845117367,1.322626107379343,1.240571953793787,0.8714644089301117,1.2655213247100603,,0.26024377821084504,0.32024022531890395,0.9523545644584859,Severe,2,2
17,8,2012,0.9818706383296251,-0.21026650005891123,1.0059561582126904,-0.38356766521724794,0.7609305012704047,1.3581759601418675,1.9471342878279505,1.171718706182563,1.7160199674450958,1.618530731164237,,0.49686811317913643,0.1891431019271076,1.0460022253149825,Severe,2,2
12,8,2012,0.732111743809588,-0.11851779311641546,1.1615490437092644,-0.38008432222065236,0.8118770105202328,0.6448197221703508,1.2837444444551342,1.1561333644434864,1.0085431903470903,1.3301669361467297,,0.44196327087355125,-0.007047830330860587,0.8572286243716714,Severe,2,2
8,7,2012,0.8141875177512351,-0.8370529142631726,1.1059188973704221,-0.3831245588592588,0.8375263150328033,0.29632500912679527,0.5910413165187264,1.4274795106053368,0.29105730537891794,1.0688028606841353,,-0.6151901938202631,0.6551497914324431,0.7315535914956792,Severe,2,2
10,7,2012,1.0424140300980493,-1.6928058538674193,-0.9934242515183628,-0.3779877044824347,1.0366810688918537,0.9163788480954522,0.13390668309291032,1.591005803395772,0.6495399287389974,1.4590075916158638,,-1.4713788766468707,1.6044340744949,0.9417321010668783,Severe,2,2
4,9,2012,1.0638958363272153,-0.3551866618382242,1.1441616963867027,-0.3840273738467731,0.7633817322474458,1.0856178779944474,1.7436972731366938,1.0889411377157148,1.3886122564092682,1.5419778065869336,,0.25551110490106843,0.3057427375217988,1.160986199684237,Severe,2,2
26,9,2012,1.222151459838427,-0.6061071237779978,-0.16993579482205948,-0.38375957569179686,0.8181170180474312,1.973110032525644,2.007551472545816,1.1012975091131603,2.1311372267138595,1.7764135924219562,,-0.030576020644724165,0.5781402392724024,1.2735302497105478,Severe,2,2
21,7,2012,1.0066211670932903,-0.48479746262180984,0.011916464585435632,-0.3808769140755095,0.7995596625526845,1.9483581773452583,2.5117869003796156,1.2525077310692763,2.245317877448411,2.004499793234033,,-0.11465080658298704,0.3313847606080074,1.0593593206553757,Severe,2,2
29,7,2012,1.4159117543834145,-1.7905235637836667,-0.46131345075648544,-0.3815553597199638,1.1561945395113327,1.4522142820523054,0.5884875942589506,2.6675772222337257,1.1261432159243696,2.491407033189798,,-1.5700032906744725,1.9264570867212523,1.2014486823690083,Severe,2,2
1,6,2012,0.8674653195670707,-0.28046653335652305,1.2341548986076463,-0.38285528214828335,0.8020968090981284,0.48503868969265496,1.2673703735029207,1.222292657352237,0.9088829145233001,1.3238381485220108,,0.1939965247513698,0.14490096105166184,0.9261324949315103,Severe,2,2
20,6,2012,0.9785041951953971,-0.6956693679728468,0.29851091546654307,-0.3805400475388715,0.8353528054620484,1.2770357042766884,0.5420717056536134,1.1043436701106513,1.108199645286008,1.3122805814633267,,-0.44444098848372526,0.5361703946890914,0.9015476108704849,Severe,2,2
18,7,2012,1.1714077800635945,-1.7724587826799283,-0.18830353072034617,-0.38098800620619994,1.101598299309417,1.4035309198675507,0.837155144563302,2.616305099450611,1.1788204065959653,2.388215060423575,,-1.7482130236984048,1.8292011270004358,0.98421519144093,Severe,2,2
20,8,2012,0.9467488316432551,0.06863048998814522,1.0825164151714393,-0.38206890620902456,0.7561308296758549,0.7240235834046505,1.522132946805376,1.1025787072831632,0.9777584456167214,1.2828145947972969,,0.587515685856805,0.0843020759634045,0.9911007252558972,Severe,2,2
31,8,2012,0.7512260591479797,-1.0277618969755122,0.595713940493347,-0.3805995693177387,0.8649181921442342,3.1300895892605256,3.2774692655527584,1.8516237576904344,3.471101129411712,2.9890128634651996,,-0.9028741499365313,0.8083409275683022,0.72267701076515,Severe,2,2
13,9,2012,1.6094181143483228,-1.6682465088758793,-0.12117175760307577,-0.38310899608568794,1.0446794005736113,0.3865266528579347,-0.1551300275974546,2.1961115788916437,0.16444644864595445,1.4753685360266888,,-1.5425809487182134,2.1382178551882363,1.4793956853758585,Severe,2,2
5,7,2012,0.2971651797975956,-0.8587172990984462,1.2020541758711358,-0.38163705515460916,0.8069475523635877,0.46657158857866005,0.38268688477036555,1.349019584274935,0.47715732262094906,1.1635991106485393,,-0.8515143836632112,0.5247746197203189,0.13272546546472389,Severe,2,2
1,6,2012,1.0508602503353843,-0.733601421478039,0.5957953126042909,-0.3807588487136131,0.8346905442157739,0.9930369884298439,0.6311156567898123,1.2308041077651446,0.8810932894744101,1.3273596822107068,,-0.2907028750627452,0.6292966174592589,1.0293159048002063,Severe,2,2
16,9,2012,0.8526892275543667,-0.827493157833481,0.31104473448256614,-0.3815970159540306,0.8664850484736832,1.6715678822030156,0.5759975177167338,1.3047750932934057,1.213950144622341,1.6123151686233665,,-0.6573145292493358,0.5966702106796886,0.7485935640111508,Severe,2,2
6,9,2012,-0.1830561706215634,0.617097339908621,0.5267546880008875,-0.38110688294512535,0.6488746163173121,2.420927750348064,1.2193873616610085,0.513887358781904,1.935377019115134,1.2356422851443571,,0.6966189919375128,-0.5028550723330327,0.004274538328546552,Severe,2,2
5,8,2012,-0.08128341995590019,-1.30687079589439,1.7243921528670396,-0.38150037752875443,0.8898257622032919,0.15638693469032955,-0.3326800378457919,1.924365012748885,0.1850947518584033,1.3003530347549717,,-1.5479149891379358,0.7474484964216027,-0.4349962123619594,Severe,2,2
5,6,2012,0.8480318211741071,-0.24528491239996258,1.1865491657055733,-0.3792840173492733,0.8128643085303113,0.9948318799075366,1.759358238235655,1.2123823888150609,1.1757296774413137,1.50010452283762,,0.4341201264095174,0.09677949713243622,0.9366701481809846,Severe,2,2
9,7,2012,0.8287108907134233,-0.9492643283708017,-0.5746361290527809,-0.38121170585675807,0.9309897990112894,1.1694144310328713,0.4609552707111823,1.3085366911021936,0.9051166087154906,1.4137241616295078,,-0.8145791716671176,0.9011741633533243,0.7250040420367869,Severe,2,2
4,8,2012,0.7624273314509102,-0.9385080290622619,-0.48613998084565047,-0.38059499975096167,0.8293889563624506,0.6773158470533308,1.8007167522712684,0.8584942266449002,1.0960875958448224,1.174680034432764,,-0.6760463906026118,0.7304637817154129,0.6424035915456093,Severe,2,2
16,9,2012,-0.0066210416559336896,-1.2755489588028217,1.5460774614963408,-0.37986513632193575,0.8967695272293491,0.35812052722173343,-0.26874611789346076,1.8625697835633046,0.207898333235148,1.2411502171797815,,-1.5231535863998533,0.8725107784944757,-0.26770401460687476,Severe,2,2
21,8,2012,0.9693223998414174,-0.18578066009777364,1.2835743271175484,-0.3775217007643195,0.7587764766800371,1.1609781801865098,1.8294886775992507,1.0576130862711335,1.428462116005195,1.4931024421910526,,0.3301763581072958,0.19685112201713145,1.1044215744158057,Severe,2,2
9,7,2012,0.937059251083003,-0.12925449136788442,1.0587859955750298,-0.3799018247830131,0.7754340169699281,0.5658291097350815,1.4438382160160208,1.1068765918877475,1.0398869305978489,1.3031656187503997,,0.5543011915005222,0.15152899870633377,1.05052685533181,Severe,2,2
5,7,2012,0.8180092166918514,-0.2884924188837922,-0.12957375130321375,-0.38117686671952705,0.8699358121843394,3.6789049825765043,2.925977521262061,0.984685616170419,3.582449723652719,2.283086180145219,,0.20895657319138952,0.18139579405881112,0.8852667811663859,Severe,2,2
18,7,2012,0.6884850092816558,0.4528882485739014,1.2576336857370176,-0.38111390382873017,0.7480651592002578,0.903428770474632,1.7197983142565092,0.9910494709429456,1.1757660805566519,1.3308440486838118,,1.1088651543547852,-0.24718823018041697,0.9225267958124538,Severe,2,2
3,6,2012,0.5367530399138205,0.1166168310498152,0.22853441011643663,-0.3841454499152297,0.781202533104022,2.6725696903186758,3.2014844719963436,0.6422621389040375,3.128516486459898,1.6996155034548872,,0.6403706156873021,-0.1590646766474684,0.6192043988427263,Severe,2,2
23,6,2012,0.910630466694786,-0.8092149206858228,0.29018853988310667,-0.3804125656974841,0.8692352086645212,1.6529556121183373,0.5165347090743508,1.2609639561214843,1.2068672225063926,1.536835002529812,,-0.5180702412235026,0.6649792197330358,0.7784538507598904,Severe,2,2
12,9,2012,0.6921877035601536,-0.8887225792975832,-0.4609213716198487,-0.3828009194147823,0.8227790168076247,0.7585966135336482,1.855312934125367,0.856130745284935,1.193256270435987,1.147266842419931,,-0.798010025018908,0.542084821451807,0.6140946720914042,Severe,2,2
13,7,2012,0.7600529687391181,-0.16654178888120405,-0.5446818627020353,-0.3782848894987701,0.8273847149646081,2.7999769685443505,2.598643758090132,1.1286956012849616,2.9234900423078622,2.099849172768915,,0.31031971284553117,-0.041391747075376156,0.7713091227125505,Severe,2,2
8,9,2012,0.757640581961381,0.2383332631532339,0.6746296777729779,-0.381029202203588,0.6589749152267278,1.2904175550126247,1.8889433106183917,0.5888248891296172,1.73471852001807,1.2296373736972912,,0.8113535705261706,0.09558808280066246,0.8857445313890827,Severe,2,2
9,7,2012,0.734356597248721,-0.8404961705727443,1.4263531353122363,-0.38156839487449606,0.8135779485262763,0.2732636199849987,0.671238265336222,1.4706402971308596,0.45253673597442573,1.1098520536701335,,-0.5455830508776849,0.552400282883368,0.6958496316512481,Severe,2,2
5,9,2012,0.8646010176248298,-0.8563640978050727,0.45267985559490875,-0.3821267663171776,0.8740261799969207,3.492350327856208,3.3343831781313686,1.6581314653639374,3.5459599194420375,2.957208267087701,,-0.6748602290032935,0.5791036674495664,0.7791343941889602,Severe,2,2
18,6,2012,0.9661362665909347,-0.4490948139686972,-0.4565694431711032,-0.38229365189106973,0.90359796547505,3.9383915278204937,2.76465498561813,1.1382149057001683,3.504322138313715,2.450390454780221,,0.0615433920679386,0.25229102472132786,1.0355322745311555,Severe,2,2
5,6,2012,0.5989512196463046,-0.5840810290110506,1.0389002437631505,-0.3821337308252113,0.773527161847679,0.4273361995066082,0.7970379626748954,1.167875607751892,0.5758979362369185,1.0553924750826493,,-0.39201726532377196,0.43067424270903404,0.49704055674557224,Severe,2,2
22,8,2012,0.3486614495639896,-1.302353572570241,0.8843963597975025,-0.38092031586717784,0.9715713598490864,3.017369108346615,1.8372729861330803,2.139540589005433,2.660581502167363,2.990894380083538,,-1.4480114660336754,0.9494829231588585,0.08824038600581706,Severe,2,2
8,9,2012,0.8945220645815947,-1.422500989734992,0.1831230589401112,-0.3821233388347316,0.9427974140805316,2.663265209285494,2.0105988929563354,1.6586260392375891,2.5492666864811295,2.476049172465517,,-1.2668995169971609,1.3044066270092514,0.7601993165147796,Severe,2,2
18,6,2012,1.5106891233649575,-1.8453415312464232,-0.4918792824910836,-0.38201257590785503,1.0848067971733737,0.7901824151777198,-0.041045866880990434,2.2425241917329526,0.6208956168547394,1.720300042200617,,-1.5668397618619816,1.992878539539806,1.2746192336135929,Severe,2,2
17,8,2012,0.4970490962780795,0.16082694524947522,-0.13784841497519448,-0.3827280828190415,0.7854885068761784,2.472783588595996,3.048747346031094,0.8846052952921589,2.8709653230011094,1.8104955493969652,,0.6387433683995485,-0.17611783251749713,0.5826700302218963,Severe,2,2
20,6,2012,1.33337737534353,-1.5796584285833406,-0.8444964440053686,-0.3807971212688293,1.000980877474031,0.615002473277738,0.21453297123841975,1.449394834414305,0.40642448005844445,1.2243074539727095,,-1.2525168501245159,1.6493205686959451,1.187663522172107,Severe,2,2
24,8,2012,1.118227197489496,-0.35739435987145823,-0.3082266488328236,-0.3810293796377646,0.7753214491643695,2.1764614960147144,2.1915379449695456,0.7946191343671468,2.3020000407495558,1.5929093975836268,,0.22309693019629018,0.3690683954956846,1.1476764898276413,Severe,2,2
18,8,2012,0.8604661772767189,-0.4015274165783193,-0.13516014443736496,-0.384136717518561,0.7996073471165425,2.044944475796378,2.320173229070484,1.2213486464181509,2.2499553406664936,2.057282436453454,,0.07807022836142595,0.3494089251355735,0.9196227879346762,Severe,2,2
27,8,2012,0.4366671254606576,-2.1863174057293366,-0.3816778468023104,-0.3802494846314107,1.0735985347323576,0.5944299619084017,0.4423432964450853,2.2062761872758463,0.6618116108741049,1.7704446658244088,,-2.5264347598052312,2.5865252612666283,0.07769752755486105,Severe,2,2
9,7,2012,2.445485823398005,-2.3120927181001267,-1.2455324287933056,-0.3821978238027457,1.2067670151067051,0.9250849529404609,0.22384253125707484,2.825598342473967,0.6257322670334708,2.1514423636393682,,-2.2457300988707667,4.17694973245449,2.2855815487141578,Severe,2,2
24,7,2012,0.9262184000997465,-0.22679738977147795,1.2724914275322812,-0.383361062112202,0.7668700861912897,0.9909170398877394,1.8012052241236474,1.0653322490226296,1.4119510305066862,1.4714598099291982,,0.33077245905234137,0.12216380695670631,1.0342026015850265,Severe,2,2
11,8,2012,1.1939098291714334,-1.708989202694335,-0.9733227291836886,-0.38021038513583566,1.0180147733370428,1.064371809428108,0.053974032317518426,1.6773409481857509,0.775023941489976,1.5252524548772755,,-1.5712584879419833,1.6682378237382292,1.0680640253223288,Severe,2,2
20,7,2012,0.9474992095012467,-0.24622010465182984,0.7022030248316474,-0.38261881747707377,0.730967980084799,1.4858795461594247,2.1032226929173294,0.9861456814823276,1.7860655386885607,1.5376888783205518,,0.313704444373962,0.13759315441091574,1.0583796383202784,Severe,2,2
16,8,2012,0.4534131977780822,-1.341911941001668,0.23719075393799963,-0.38427894122153144,0.9715717711281144,2.792512025435216,1.5986589882767832,1.8310422716843007,2.4096663387155397,2.5788837144258405,,-1.4901014590401631,1.0356815751875266,0.2845989912539083,Severe,2,2
29,6,2012,-0.2428395838916842,-1.1825877718517974,1.7093760857504108,-0.3829948053521427,0.9183400943151208,0.7587782614109251,-0.05914003890253422,2.0937702590465843,0.5225511545005629,1.6273906419978692,,-1.5958906083436095,0.7127216036906715,-0.5782286481248771,Severe,2,2
9,7,2012,0.6228285339918098,-0.7531405920903353,-0.21989191658957705,-0.38085416951407514,0.7883556399799272,0.961555326815622,2.096272531220672,0.7874730583068439,1.229299121712662,1.1465906438247242,,-0.4859211812810232,0.3847422713627989,0.536375942593715,Severe,2,2
17,6,2012,0.6389432656842653,-0.7878458898613191,0.2857397629159396,-0.3830220886545445,0.792185135422852,0.6312137966308932,2.0175968124152317,0.9351678379358939,1.1065082426891464,1.2567547791879912,,-0.4871105749649478,0.44907434842386923,0.5954167999209058,Severe,2,2
6,6,2012,-0.47848615031046615,0.20433902063421092,0.7749025019057593,-0.38361702111703005,0.6960105440032001,1.9128460448763043,1.5778157507858752,0.7844629432697021,1.9808233875880497,1.4069888283585543,,0.16965419490874087,-0.4119016181042454,-0.43216156935501127,Severe,2,2
20,7,2012,0.7904438082721547,0.37842246996628803,1.2891568709031178,-0.3833675360720797,0.7597090420326671,0.7898694296544275,1.6590796717688185,1.0037617978895912,1.129308916629565,1.3446924677708358,,0.9646245208191468,-0.12109321034495296,0.9563564037890578,Severe,2,2
2,7,2012,0.18342538561823732,-0.9884047325898943,0.7818243697792576,-0.3817567168321645,0.9483056480958905,2.503480791499443,1.0726401415899736,1.953248124274094,2.043123063251097,2.443675039679621,,-1.150030533452041,0.622739280685411,0.022008593156780824,Severe,2,2
13,6,2012,1.1049368452085875,-0.5012655100095743,-0.5191160746807661,-0.37958618532776,0.7966536058296402,1.7777185176595562,1.5385817558868842,0.7409787444596538,1.7239593550121264,1.3563136752152838,,0.024205855203086442,0.5343237843535996,1.1501837071350127,Severe,2,2
1,6,2012,0.8277793568116419,-1.865425200877982,0.2404759846446806,-0.367625207861535,0.9784686408929586,0.7386289620971368,0.9134301031554191,1.9200448173034825,0.8465704787385708,1.8026813600009697,,-1.9924025644465921,2.0255024976430365,0.6404058106743565,Severe,2,2
11,9,2012,0.8936760823242442,-0.4980271575461026,0.9722938208790893,-0.38006051101866967,0.8095041429018628,0.5270100176886732,1.1556246088678561,1.176797690686574,0.7575090355736585,1.2058299603260818,,-0.1774537728288991,0.45522874309890665,0.9646602511288528,Severe,2,2
16,8,2012,1.077902533783365,-1.0600063455251627,0.12340083662567171,-0.3798419084371695,0.8848427357274072,2.2829084268664355,2.011546903007477,1.5771562700492618,2.331349662976948,2.232985535359606,,-0.7888726882043161,0.8966145172722921,1.0031912188640475,Severe,2,2
11,8,2012,0.7932782707971869,0.14919949110514655,0.6153234537565099,-0.3809452568014052,0.663562757544396,1.4463559236942511,1.950085376533311,0.5825977802239458,1.6760867479076473,1.1766580217403186,,0.7154725787145394,-0.08194305227167005,0.8710062169402006,Severe,2,2
12,8,2012,1.1184953502192951,-1.01707908964304,0.415722782280519,-0.38440322370645713,0.8842918540283379,2.3162365092462944,2.158874641660856,1.5615348964627136,2.266475433403905,2.2078516114561304,,-0.7963652965565147,1.0150604607417721,0.9456118147748221,Severe,2,2
5,6,2012,1.2559518157110738,-1.8062654488971779,-0.8845096341053709,-0.36102936019388987,0.9605790874439081,0.9305375098240732,0.25000134704473126,1.3577512243259666,0.7397317231230439,1.3294962736318652,,-1.7173941573225173,2.1018410653610298,0.973564414055292,Severe,2,2
23,8,2012,0.6902418641598702,-1.9406776897899494,0.37337896731299797,-0.3799286186873993,1.0187683596244712,0.6758108772204365,0.9154776039237744,2.1991957729467844,0.8323732148071059,1.8832229158506295,,-2.0586229029699563,2.217568734588374,0.3895999339765183,Severe,2,2
25,9,2012,0.47355745140916217,0.053535231819517595,-0.07873471082489375,-0.38222051897040443,0.785303613182057,2.6280432307361012,3.1802857320123565,0.780257882427966,2.9752090988651094,1.7177492273809103,,0.6057621670469604,-0.14877066553585647,0.6090462988575012,Severe,2,2
15,7,2012,0.6692764713303002,-0.7726416148899149,0.32968653223097977,-0.3816143254769712,0.7905847036201297,0.5682137722625172,1.8274856989430068,0.9390368554078298,1.1032097298281471,1.2003919710148419,,-0.4742547531620498,0.44745101717264724,0.715538391999435,Severe,2,2
2,9,2012,0.8581725410139167,-0.8424988366293982,0.27137875848950654,-0.3828119256971053,0.8603955490530832,1.7417699342216753,0.4584148268121343,1.3020978151732674,1.278224657844456,1.580439571003042,,-0.49470322310034587,0.6018951319098105,0.7801064499304983,Severe,2,2
2,9,2012,1.0824001486666142,-1.6611517798875628,-0.34016937816798204,-0.38158302437664204,1.0665405682486446,2.3507215101165735,1.5335761384665074,2.2231179776604257,2.0805000669930367,2.598301942470844,,-1.6044344554841812,1.5754828587126888,0.8165284029579148,Severe,2,2
21,8,2012,0.5782181199045863,-2.1332316227640615,-0.09245346481974111,-0.3806365704521391,1.0684511125960225,0.7239215892236314,0.5787990022994176,2.2023680076425594,0.6894401386136352,1.8110358118262901,,-2.433523005385486,2.513870196417623,0.13881512274881241,Severe,2,2
29,6,2012,2.1259575646405446,-2.699295897067427,-0.26375893171358816,-0.23426142903689778,1.1074483357824765,0.5772877661743857,0.0022350620514890417,2.604141656561515,0.26410701524369756,1.8378935259248883,,-2.86516314113938,5.557263076306178,1.8002608606625783,Severe,2,2
27,8,2012,1.0753435158342999,-1.5647906251544577,-1.0284958736064254,-0.382297372908351,1.0189142108204157,0.9212726770427236,0.1203350759806891,1.55440040312862,0.701739350254479,1.4980369382871377,,-1.542649971835229,1.7523054821101351,0.9415990127355734,Severe,2,2
13,9,2012,0.8658939575745005,-1.579441350428656,-0.12181383176110427,-0.38047775561450736,1.0263662021777975,2.865793036471729,1.889156311607848,1.9925755665324643,2.5323292861324385,2.6678534274993595,,-1.6204672505565478,1.4745756630961218,0.6600753033727828,Severe,2,2
16,8,2012,0.9650926508992059,-0.2943372941345415,0.7590339415370894,-0.38143798626935266,0.7376201162570262,1.4258771571472753,2.144947711989205,0.9598282143491743,1.831838551873789,1.5241524755962645,,0.29999760308292023,0.27839417317583487,1.053347164354621,Severe,2,2
6,9,2012,1.544303250380968,-1.8358450446498633,-0.28742578352528675,-0.38187541665232,1.1239515458566258,0.78046855938301,-0.014076521258742175,2.64535835035594,0.6209557569301686,1.9515823689521041,,-1.670314026606009,2.156745105668015,1.3692977976808016,Severe,2,2
3,8,2012,0.2851038067492938,-1.2135277284698287,0.950952398962559,-0.38426025322607377,0.9831480014695592,2.9749735050045607,1.6652322887076974,2.2084562638259158,2.4795626961438364,2.9718003458860434,,-1.3581644428514192,0.8477136182125796,0.050295164474312176,Severe,2,2
24,7,2012,-0.22216228345102823,0.4858357311431876,0.4266542046112647,-0.37963778485363875,0.6752722748624752,2.498611093224445,1.2695619997352952,0.5878589285069526,2.0866423062047135,1.3103760877774437,,0.6087229846652088,-0.5002770315729314,-0.12489950269603994,Severe,2,2
